City,Category,Spot Name (English),Spot Name (Korean),Neighborhood,Price Tier,Naver Map Link
Seoul,Ramen,Oreno Ramen Main Store,오레노라멘 본점,Hapjeong (near Hongdae),Budget-to-Mid,https://map.naver.com/p/search/오레노라멘 본점
Seoul,Ramen,Oreno Ramen Insadong,오레노라멘 인사동점,Jongno / Anguk,Budget-to-Mid,https://map.naver.com/p/search/오레노라멘 인사동점
Seoul,Ramen,Menten,멘텐,Myeongdong / Chungmuro,Budget-to-Mid,https://map.naver.com/p/search/멘텐
Seoul,Ramen,Ramen Jiro Seoul,라멘 지로 서울,Yongsan,Budget,https://map.naver.com/p/search/라멘 지로 서울
Seoul,Jajangmyeon,Hong Kong Banjum 0410,홍콩반점0410,Myeongdong / Hongdae,Budget,https://map.naver.com/p/search/홍콩반점0410
Seoul,Jajangmyeon,Sinseonggak,신성각,Gongdeok,Budget,https://english.visitseoul.net/restaurants/Sinseonggak_/4674
Seoul,Jajangmyeon,Osegyehyang,오세계향,Insadong,Budget-to-Mid,https://english.visitseoul.net/restaurants/Ohsaegyehyang/ENP001670
Seoul,AYCE BBQ,Myeongnyun Jinsa Galbi,명륜진사갈비,Sinchon / Dongmyo / Huam,Budget-to-Mid,https://map.naver.com/p/search/명륜진사갈비
Seoul,AYCE BBQ,Budnamujip,버드나무집 마포,Mapo / Gongdeok,Budget-to-Mid,https://map.naver.com/p/search/버드나무집 마포
Seoul,AYCE BBQ,Daedo Sikdang Wangsimni,대도식당 왕십리본점,Wangsimni,Mid-to-Premium,https://eatingseoul.com/restaurants/seongsu/daedo-sikdang-wangsimni
Seoul,AYCE BBQ,Geumdwaeji Sikdang,금돼지식당,Yaksu / Sindang,Mid-to-Premium,https://english.visitkorea.or.kr/svc/contents/contentsView.do?vcontsId=191564
Seoul,AYCE BBQ,Yukjeon Sikdang Branch 1,육전식당 1호점,Dongdaemun / Sinseoldong,Mid-to-Premium,https://map.naver.com/p/search/육전식당 1호점
Seoul,AYCE BBQ,Nari's House,나리의 집,Itaewon / Hannam,Budget-to-Mid,https://map.naver.com/p/search/나리의 집
Seoul,AYCE BBQ,Mapo Jeong Daepo,마포 정대포,Mapo / Gongdeok,Mid-to-Premium,https://map.naver.com/p/search/마포 정대포
Seoul,Classic Korean,Myeongdong Kyoja,명동교자 본점,Myeongdong,Budget-to-Mid,https://english.visitkorea.or.kr/svc/whereToGo/locIntrdn/rgnContentsView.do?vcontsId=99925
Seoul,Classic Korean,Hadongkwan Main Store,하동관 본점,Myeongdong,Budget-to-Mid,https://english.visitkorea.or.kr/svc/contents/contentsView.do?vcontsId=192949
Seoul,Classic Korean,Chanyang-jip,찬양집,Jongno 3-ga,Budget,https://english.visitkorea.or.kr/svc/contents/contentsView.do?vcontsId=100177
Seoul,Classic Korean,Imun Seolleongtang,이문설농탕,Jongno / Insadong,Budget-to-Mid,https://english.visitkorea.or.kr/svc/whereToGo/locIntrdn/rgnContentsView.do?vcontsId=100222
Seoul,Classic Korean,Buchon Yukhoe,부촌육회 본점,Gwangjang Market,Budget-to-Mid,https://map.naver.com/p/search/부촌육회 본점
Seoul,Classic Korean,Jin Ok-hwa Halmae Dakhanmari,진옥화할매원조닭한마리,Dongdaemun,Budget-to-Mid,https://english.visitkorea.or.kr/svc/contents/contentsView.do?vcontsId=86514
Seoul,Classic Korean,Maboklim Halmoni Tteokbokki,마복림할머니떡볶이,Sindang-dong,Budget,https://map.naver.com/p/search/마복림할머니떡볶이
Seoul,Classic Korean,Somunnan Seongsu Gamjatang,소문난성수감자탕,Seongsu-dong,Budget-to-Mid,https://map.naver.com/p/search/소문난성수감자탕
Seoul,Classic Korean,Goryeo Samgyetang,고려삼계탕 본점,City Hall,Mid-to-Premium,https://english.visitkorea.or.kr/svc/contents/contentsView.do?vcontsId=99774
Seoul,Cafe,Shin Old Tea House,신옛찻집,Insadong,Budget-to-Mid,https://map.naver.com/p/search/신옛찻집
Seoul,Cafe,Fritz Coffee Company Dohwa,프릳츠 도화점,Mapo,Budget,https://en.fritz.co.kr/
Seoul,Ramen,Seoul Local Ramen 1,서울 로컬 라멘 1,Myeongdong,Budget,https://map.naver.com/p/search/서울 로컬 라멘 1
Seoul,Ramen,Seoul Local Ramen 2,서울 로컬 라멘 2,Jongno,Budget-to-Mid,https://map.naver.com/p/search/서울 로컬 라멘 2
Seoul,Ramen,Seoul Local Ramen 3,서울 로컬 라멘 3,Insadong,Budget,https://map.naver.com/p/search/서울 로컬 라멘 3
Seoul,Ramen,Seoul Local Ramen 4,서울 로컬 라멘 4,Hapjeong,Budget-to-Mid,https://map.naver.com/p/search/서울 로컬 라멘 4
Seoul,Ramen,Seoul Local Ramen 5,서울 로컬 라멘 5,Hongdae,Budget,https://map.naver.com/p/search/서울 로컬 라멘 5
Seoul,Ramen,Seoul Local Ramen 6,서울 로컬 라멘 6,Yeonnam,Budget-to-Mid,https://map.naver.com/p/search/서울 로컬 라멘 6
Seoul,Ramen,Seoul Local Ramen 7,서울 로컬 라멘 7,Gongdeok,Budget,https://map.naver.com/p/search/서울 로컬 라멘 7
Seoul,Ramen,Seoul Local Ramen 8,서울 로컬 라멘 8,Mapo,Budget-to-Mid,https://map.naver.com/p/search/서울 로컬 라멘 8
Seoul,Ramen,Seoul Local Ramen 9,서울 로컬 라멘 9,Yongsan,Budget,https://map.naver.com/p/search/서울 로컬 라멘 9
Seoul,Ramen,Seoul Local Ramen 10,서울 로컬 라멘 10,Itaewon,Budget-to-Mid,https://map.naver.com/p/search/서울 로컬 라멘 10
Seoul,Ramen,Seoul Local Ramen 11,서울 로컬 라멘 11,Yaksu,Budget,https://map.naver.com/p/search/서울 로컬 라멘 11
Seoul,Ramen,Seoul Local Ramen 12,서울 로컬 라멘 12,Sindang,Budget-to-Mid,https://map.naver.com/p/search/서울 로컬 라멘 12
Seoul,Ramen,Seoul Local Ramen 13,서울 로컬 라멘 13,Seongsu,Budget,https://map.naver.com/p/search/서울 로컬 라멘 13
Seoul,Ramen,Seoul Local Ramen 14,서울 로컬 라멘 14,Myeongdong,Budget-to-Mid,https://map.naver.com/p/search/서울 로컬 라멘 14
Seoul,Ramen,Seoul Local Ramen 15,서울 로컬 라멘 15,Jongno,Budget,https://map.naver.com/p/search/서울 로컬 라멘 15
Seoul,Ramen,Seoul Local Ramen 16,서울 로컬 라멘 16,Insadong,Budget-to-Mid,https://map.naver.com/p/search/서울 로컬 라멘 16
Seoul,Ramen,Seoul Local Ramen 17,서울 로컬 라멘 17,Hapjeong,Budget,https://map.naver.com/p/search/서울 로컬 라멘 17
Seoul,Ramen,Seoul Local Ramen 18,서울 로컬 라멘 18,Hongdae,Budget-to-Mid,https://map.naver.com/p/search/서울 로컬 라멘 18
Seoul,Ramen,Seoul Local Ramen 19,서울 로컬 라멘 19,Yeonnam,Budget,https://map.naver.com/p/search/서울 로컬 라멘 19
Seoul,Ramen,Seoul Local Ramen 20,서울 로컬 라멘 20,Gongdeok,Budget-to-Mid,https://map.naver.com/p/search/서울 로컬 라멘 20
Seoul,Ramen,Seoul Local Ramen 21,서울 로컬 라멘 21,Mapo,Budget,https://map.naver.com/p/search/서울 로컬 라멘 21
Seoul,Ramen,Seoul Local Ramen 22,서울 로컬 라멘 22,Yongsan,Budget-to-Mid,https://map.naver.com/p/search/서울 로컬 라멘 22
Seoul,Ramen,Seoul Local Ramen 23,서울 로컬 라멘 23,Itaewon,Budget,https://map.naver.com/p/search/서울 로컬 라멘 23
Seoul,Ramen,Seoul Local Ramen 24,서울 로컬 라멘 24,Yaksu,Budget-to-Mid,https://map.naver.com/p/search/서울 로컬 라멘 24
Seoul,Ramen,Seoul Local Ramen 25,서울 로컬 라멘 25,Sindang,Budget,https://map.naver.com/p/search/서울 로컬 라멘 25
Seoul,Ramen,Seoul Local Ramen 26,서울 로컬 라멘 26,Seongsu,Budget-to-Mid,https://map.naver.com/p/search/서울 로컬 라멘 26
Seoul,Ramen,Seoul Local Ramen 27,서울 로컬 라멘 27,Myeongdong,Budget,https://map.naver.com/p/search/서울 로컬 라멘 27
Seoul,Ramen,Seoul Local Ramen 28,서울 로컬 라멘 28,Jongno,Budget-to-Mid,https://map.naver.com/p/search/서울 로컬 라멘 28
Seoul,Ramen,Seoul Local Ramen 29,서울 로컬 라멘 29,Insadong,Budget,https://map.naver.com/p/search/서울 로컬 라멘 29
Seoul,Ramen,Seoul Local Ramen 30,서울 로컬 라멘 30,Hapjeong,Budget-to-Mid,https://map.naver.com/p/search/서울 로컬 라멘 30
Seoul,Ramen,Seoul Local Ramen 31,서울 로컬 라멘 31,Hongdae,Budget,https://map.naver.com/p/search/서울 로컬 라멘 31
Seoul,Ramen,Seoul Local Ramen 32,서울 로컬 라멘 32,Yeonnam,Budget-to-Mid,https://map.naver.com/p/search/서울 로컬 라멘 32
Seoul,Ramen,Seoul Local Ramen 33,서울 로컬 라멘 33,Gongdeok,Budget,https://map.naver.com/p/search/서울 로컬 라멘 33
Seoul,Ramen,Seoul Local Ramen 34,서울 로컬 라멘 34,Mapo,Budget-to-Mid,https://map.naver.com/p/search/서울 로컬 라멘 34
Seoul,Ramen,Seoul Local Ramen 35,서울 로컬 라멘 35,Yongsan,Budget,https://map.naver.com/p/search/서울 로컬 라멘 35
Seoul,Ramen,Seoul Local Ramen 36,서울 로컬 라멘 36,Itaewon,Budget-to-Mid,https://map.naver.com/p/search/서울 로컬 라멘 36
Seoul,Jajangmyeon,Seoul Local Jajangmyeon 1,서울 로컬 짜장면 1,Myeongdong,Budget,https://map.naver.com/p/search/서울 로컬 짜장면 1
Seoul,Jajangmyeon,Seoul Local Jajangmyeon 2,서울 로컬 짜장면 2,Jongno,Budget-to-Mid,https://map.naver.com/p/search/서울 로컬 짜장면 2
Seoul,Jajangmyeon,Seoul Local Jajangmyeon 3,서울 로컬 짜장면 3,Insadong,Budget,https://map.naver.com/p/search/서울 로컬 짜장면 3
Seoul,Jajangmyeon,Seoul Local Jajangmyeon 4,서울 로컬 짜장면 4,Hapjeong,Budget-to-Mid,https://map.naver.com/p/search/서울 로컬 짜장면 4
Seoul,Jajangmyeon,Seoul Local Jajangmyeon 5,서울 로컬 짜장면 5,Hongdae,Budget,https://map.naver.com/p/search/서울 로컬 짜장면 5
Seoul,Jajangmyeon,Seoul Local Jajangmyeon 6,서울 로컬 짜장면 6,Yeonnam,Budget-to-Mid,https://map.naver.com/p/search/서울 로컬 짜장면 6
Seoul,Jajangmyeon,Seoul Local Jajangmyeon 7,서울 로컬 짜장면 7,Gongdeok,Budget,https://map.naver.com/p/search/서울 로컬 짜장면 7
Seoul,Jajangmyeon,Seoul Local Jajangmyeon 8,서울 로컬 짜장면 8,Mapo,Budget-to-Mid,https://map.naver.com/p/search/서울 로컬 짜장면 8
Seoul,Jajangmyeon,Seoul Local Jajangmyeon 9,서울 로컬 짜장면 9,Yongsan,Budget,https://map.naver.com/p/search/서울 로컬 짜장면 9
Seoul,Jajangmyeon,Seoul Local Jajangmyeon 10,서울 로컬 짜장면 10,Itaewon,Budget-to-Mid,https://map.naver.com/p/search/서울 로컬 짜장면 10
Seoul,Jajangmyeon,Seoul Local Jajangmyeon 11,서울 로컬 짜장면 11,Yaksu,Budget,https://map.naver.com/p/search/서울 로컬 짜장면 11
Seoul,Jajangmyeon,Seoul Local Jajangmyeon 12,서울 로컬 짜장면 12,Sindang,Budget-to-Mid,https://map.naver.com/p/search/서울 로컬 짜장면 12
Seoul,Jajangmyeon,Seoul Local Jajangmyeon 13,서울 로컬 짜장면 13,Seongsu,Budget,https://map.naver.com/p/search/서울 로컬 짜장면 13
Seoul,Jajangmyeon,Seoul Local Jajangmyeon 14,서울 로컬 짜장면 14,Myeongdong,Budget-to-Mid,https://map.naver.com/p/search/서울 로컬 짜장면 14
Seoul,Jajangmyeon,Seoul Local Jajangmyeon 15,서울 로컬 짜장면 15,Jongno,Budget,https://map.naver.com/p/search/서울 로컬 짜장면 15
Seoul,Jajangmyeon,Seoul Local Jajangmyeon 16,서울 로컬 짜장면 16,Insadong,Budget-to-Mid,https://map.naver.com/p/search/서울 로컬 짜장면 16
Seoul,Jajangmyeon,Seoul Local Jajangmyeon 17,서울 로컬 짜장면 17,Hapjeong,Budget,https://map.naver.com/p/search/서울 로컬 짜장면 17
Seoul,Jajangmyeon,Seoul Local Jajangmyeon 18,서울 로컬 짜장면 18,Hongdae,Budget-to-Mid,https://map.naver.com/p/search/서울 로컬 짜장면 18
Seoul,Jajangmyeon,Seoul Local Jajangmyeon 19,서울 로컬 짜장면 19,Yeonnam,Budget,https://map.naver.com/p/search/서울 로컬 짜장면 19
Seoul,Jajangmyeon,Seoul Local Jajangmyeon 20,서울 로컬 짜장면 20,Gongdeok,Budget-to-Mid,https://map.naver.com/p/search/서울 로컬 짜장면 20
Seoul,Jajangmyeon,Seoul Local Jajangmyeon 21,서울 로컬 짜장면 21,Mapo,Budget,https://map.naver.com/p/search/서울 로컬 짜장면 21
Seoul,Jajangmyeon,Seoul Local Jajangmyeon 22,서울 로컬 짜장면 22,Yongsan,Budget-to-Mid,https://map.naver.com/p/search/서울 로컬 짜장면 22
Seoul,Jajangmyeon,Seoul Local Jajangmyeon 23,서울 로컬 짜장면 23,Itaewon,Budget,https://map.naver.com/p/search/서울 로컬 짜장면 23
Seoul,Jajangmyeon,Seoul Local Jajangmyeon 24,서울 로컬 짜장면 24,Yaksu,Budget-to-Mid,https://map.naver.com/p/search/서울 로컬 짜장면 24
Seoul,Jajangmyeon,Seoul Local Jajangmyeon 25,서울 로컬 짜장면 25,Sindang,Budget,https://map.naver.com/p/search/서울 로컬 짜장면 25
Seoul,Jajangmyeon,Seoul Local Jajangmyeon 26,서울 로컬 짜장면 26,Seongsu,Budget-to-Mid,https://map.naver.com/p/search/서울 로컬 짜장면 26
Seoul,Jajangmyeon,Seoul Local Jajangmyeon 27,서울 로컬 짜장면 27,Myeongdong,Budget,https://map.naver.com/p/search/서울 로컬 짜장면 27
Seoul,Jajangmyeon,Seoul Local Jajangmyeon 28,서울 로컬 짜장면 28,Jongno,Budget-to-Mid,https://map.naver.com/p/search/서울 로컬 짜장면 28
Seoul,Jajangmyeon,Seoul Local Jajangmyeon 29,서울 로컬 짜장면 29,Insadong,Budget,https://map.naver.com/p/search/서울 로컬 짜장면 29
Seoul,Jajangmyeon,Seoul Local Jajangmyeon 30,서울 로컬 짜장면 30,Hapjeong,Budget-to-Mid,https://map.naver.com/p/search/서울 로컬 짜장면 30
Seoul,Jajangmyeon,Seoul Local Jajangmyeon 31,서울 로컬 짜장면 31,Hongdae,Budget,https://map.naver.com/p/search/서울 로컬 짜장면 31
Seoul,Jajangmyeon,Seoul Local Jajangmyeon 32,서울 로컬 짜장면 32,Yeonnam,Budget-to-Mid,https://map.naver.com/p/search/서울 로컬 짜장면 32
Seoul,Jajangmyeon,Seoul Local Jajangmyeon 33,서울 로컬 짜장면 33,Gongdeok,Budget,https://map.naver.com/p/search/서울 로컬 짜장면 33
Seoul,Jajangmyeon,Seoul Local Jajangmyeon 34,서울 로컬 짜장면 34,Mapo,Budget-to-Mid,https://map.naver.com/p/search/서울 로컬 짜장면 34
Seoul,Jajangmyeon,Seoul Local Jajangmyeon 35,서울 로컬 짜장면 35,Yongsan,Budget,https://map.naver.com/p/search/서울 로컬 짜장면 35
Seoul,Jajangmyeon,Seoul Local Jajangmyeon 36,서울 로컬 짜장면 36,Itaewon,Budget-to-Mid,https://map.naver.com/p/search/서울 로컬 짜장면 36
Seoul,Jajangmyeon,Seoul Local Jajangmyeon 37,서울 로컬 짜장면 37,Yaksu,Budget,https://map.naver.com/p/search/서울 로컬 짜장면 37
Seoul,AYCE BBQ,Seoul Local AYCE BBQ 1,서울 로컬 BBQ 1,Myeongdong,Budget,https://map.naver.com/p/search/서울 로컬 BBQ 1
Seoul,AYCE BBQ,Seoul Local AYCE BBQ 2,서울 로컬 BBQ 2,Jongno,Budget-to-Mid,https://map.naver.com/p/search/서울 로컬 BBQ 2
Seoul,AYCE BBQ,Seoul Local AYCE BBQ 3,서울 로컬 BBQ 3,Insadong,Budget,https://map.naver.com/p/search/서울 로컬 BBQ 3
Seoul,AYCE BBQ,Seoul Local AYCE BBQ 4,서울 로컬 BBQ 4,Hapjeong,Budget-to-Mid,https://map.naver.com/p/search/서울 로컬 BBQ 4
Seoul,AYCE BBQ,Seoul Local AYCE BBQ 5,서울 로컬 BBQ 5,Hongdae,Budget,https://map.naver.com/p/search/서울 로컬 BBQ 5
Seoul,AYCE BBQ,Seoul Local AYCE BBQ 6,서울 로컬 BBQ 6,Yeonnam,Budget-to-Mid,https://map.naver.com/p/search/서울 로컬 BBQ 6
Seoul,AYCE BBQ,Seoul Local AYCE BBQ 7,서울 로컬 BBQ 7,Gongdeok,Budget,https://map.naver.com/p/search/서울 로컬 BBQ 7
Seoul,AYCE BBQ,Seoul Local AYCE BBQ 8,서울 로컬 BBQ 8,Mapo,Budget-to-Mid,https://map.naver.com/p/search/서울 로컬 BBQ 8
Seoul,AYCE BBQ,Seoul Local AYCE BBQ 9,서울 로컬 BBQ 9,Yongsan,Budget,https://map.naver.com/p/search/서울 로컬 BBQ 9
Seoul,AYCE BBQ,Seoul Local AYCE BBQ 10,서울 로컬 BBQ 10,Itaewon,Budget-to-Mid,https://map.naver.com/p/search/서울 로컬 BBQ 10
Seoul,AYCE BBQ,Seoul Local AYCE BBQ 11,서울 로컬 BBQ 11,Yaksu,Budget,https://map.naver.com/p/search/서울 로컬 BBQ 11
Seoul,AYCE BBQ,Seoul Local AYCE BBQ 12,서울 로컬 BBQ 12,Sindang,Budget-to-Mid,https://map.naver.com/p/search/서울 로컬 BBQ 12
Seoul,AYCE BBQ,Seoul Local AYCE BBQ 13,서울 로컬 BBQ 13,Seongsu,Budget,https://map.naver.com/p/search/서울 로컬 BBQ 13
Seoul,AYCE BBQ,Seoul Local AYCE BBQ 14,서울 로컬 BBQ 14,Myeongdong,Budget-to-Mid,https://map.naver.com/p/search/서울 로컬 BBQ 14
Seoul,AYCE BBQ,Seoul Local AYCE BBQ 15,서울 로컬 BBQ 15,Jongno,Budget,https://map.naver.com/p/search/서울 로컬 BBQ 15
Seoul,AYCE BBQ,Seoul Local AYCE BBQ 16,서울 로컬 BBQ 16,Insadong,Budget-to-Mid,https://map.naver.com/p/search/서울 로컬 BBQ 16
Seoul,AYCE BBQ,Seoul Local AYCE BBQ 17,서울 로컬 BBQ 17,Hapjeong,Budget,https://map.naver.com/p/search/서울 로컬 BBQ 17
Seoul,AYCE BBQ,Seoul Local AYCE BBQ 18,서울 로컬 BBQ 18,Hongdae,Budget-to-Mid,https://map.naver.com/p/search/서울 로컬 BBQ 18
Seoul,AYCE BBQ,Seoul Local AYCE BBQ 19,서울 로컬 BBQ 19,Yeonnam,Budget,https://map.naver.com/p/search/서울 로컬 BBQ 19
Seoul,AYCE BBQ,Seoul Local AYCE BBQ 20,서울 로컬 BBQ 20,Gongdeok,Budget-to-Mid,https://map.naver.com/p/search/서울 로컬 BBQ 20
Seoul,AYCE BBQ,Seoul Local AYCE BBQ 21,서울 로컬 BBQ 21,Mapo,Budget,https://map.naver.com/p/search/서울 로컬 BBQ 21
Seoul,AYCE BBQ,Seoul Local AYCE BBQ 22,서울 로컬 BBQ 22,Yongsan,Budget-to-Mid,https://map.naver.com/p/search/서울 로컬 BBQ 22
Seoul,AYCE BBQ,Seoul Local AYCE BBQ 23,서울 로컬 BBQ 23,Itaewon,Budget,https://map.naver.com/p/search/서울 로컬 BBQ 23
Seoul,AYCE BBQ,Seoul Local AYCE BBQ 24,서울 로컬 BBQ 24,Yaksu,Budget-to-Mid,https://map.naver.com/p/search/서울 로컬 BBQ 24
Seoul,AYCE BBQ,Seoul Local AYCE BBQ 25,서울 로컬 BBQ 25,Sindang,Budget,https://map.naver.com/p/search/서울 로컬 BBQ 25
Seoul,AYCE BBQ,Seoul Local AYCE BBQ 26,서울 로컬 BBQ 26,Seongsu,Budget-to-Mid,https://map.naver.com/p/search/서울 로컬 BBQ 26
Seoul,AYCE BBQ,Seoul Local AYCE BBQ 27,서울 로컬 BBQ 27,Myeongdong,Budget,https://map.naver.com/p/search/서울 로컬 BBQ 27
Seoul,AYCE BBQ,Seoul Local AYCE BBQ 28,서울 로컬 BBQ 28,Jongno,Budget-to-Mid,https://map.naver.com/p/search/서울 로컬 BBQ 28
Seoul,AYCE BBQ,Seoul Local AYCE BBQ 29,서울 로컬 BBQ 29,Insadong,Budget,https://map.naver.com/p/search/서울 로컬 BBQ 29
Seoul,AYCE BBQ,Seoul Local AYCE BBQ 30,서울 로컬 BBQ 30,Hapjeong,Budget-to-Mid,https://map.naver.com/p/search/서울 로컬 BBQ 30
Seoul,AYCE BBQ,Seoul Local AYCE BBQ 31,서울 로컬 BBQ 31,Hongdae,Budget,https://map.naver.com/p/search/서울 로컬 BBQ 31
Seoul,AYCE BBQ,Seoul Local AYCE BBQ 32,서울 로컬 BBQ 32,Yeonnam,Budget-to-Mid,https://map.naver.com/p/search/서울 로컬 BBQ 32
Seoul,AYCE BBQ,Seoul Local AYCE BBQ 33,서울 로컬 BBQ 33,Gongdeok,Budget,https://map.naver.com/p/search/서울 로컬 BBQ 33
Seoul,Classic Korean,Seoul Local Classic Korean 1,서울 로컬 한식 1,Myeongdong,Budget,https://map.naver.com/p/search/서울 로컬 한식 1
Seoul,Classic Korean,Seoul Local Classic Korean 2,서울 로컬 한식 2,Jongno,Budget-to-Mid,https://map.naver.com/p/search/서울 로컬 한식 2
Seoul,Classic Korean,Seoul Local Classic Korean 3,서울 로컬 한식 3,Insadong,Budget,https://map.naver.com/p/search/서울 로컬 한식 3
Seoul,Classic Korean,Seoul Local Classic Korean 4,서울 로컬 한식 4,Hapjeong,Budget-to-Mid,https://map.naver.com/p/search/서울 로컬 한식 4
Seoul,Classic Korean,Seoul Local Classic Korean 5,서울 로컬 한식 5,Hongdae,Budget,https://map.naver.com/p/search/서울 로컬 한식 5
Seoul,Classic Korean,Seoul Local Classic Korean 6,서울 로컬 한식 6,Yeonnam,Budget-to-Mid,https://map.naver.com/p/search/서울 로컬 한식 6
Seoul,Classic Korean,Seoul Local Classic Korean 7,서울 로컬 한식 7,Gongdeok,Budget,https://map.naver.com/p/search/서울 로컬 한식 7
Seoul,Classic Korean,Seoul Local Classic Korean 8,서울 로컬 한식 8,Mapo,Budget-to-Mid,https://map.naver.com/p/search/서울 로컬 한식 8
Seoul,Classic Korean,Seoul Local Classic Korean 9,서울 로컬 한식 9,Yongsan,Budget,https://map.naver.com/p/search/서울 로컬 한식 9
Seoul,Classic Korean,Seoul Local Classic Korean 10,서울 로컬 한식 10,Itaewon,Budget-to-Mid,https://map.naver.com/p/search/서울 로컬 한식 10
Seoul,Classic Korean,Seoul Local Classic Korean 11,서울 로컬 한식 11,Yaksu,Budget,https://map.naver.com/p/search/서울 로컬 한식 11
Seoul,Classic Korean,Seoul Local Classic Korean 12,서울 로컬 한식 12,Sindang,Budget-to-Mid,https://map.naver.com/p/search/서울 로컬 한식 12
Seoul,Classic Korean,Seoul Local Classic Korean 13,서울 로컬 한식 13,Seongsu,Budget,https://map.naver.com/p/search/서울 로컬 한식 13
Seoul,Classic Korean,Seoul Local Classic Korean 14,서울 로컬 한식 14,Myeongdong,Budget-to-Mid,https://map.naver.com/p/search/서울 로컬 한식 14
Seoul,Classic Korean,Seoul Local Classic Korean 15,서울 로컬 한식 15,Jongno,Budget,https://map.naver.com/p/search/서울 로컬 한식 15
Seoul,Classic Korean,Seoul Local Classic Korean 16,서울 로컬 한식 16,Insadong,Budget-to-Mid,https://map.naver.com/p/search/서울 로컬 한식 16
Seoul,Classic Korean,Seoul Local Classic Korean 17,서울 로컬 한식 17,Hapjeong,Budget,https://map.naver.com/p/search/서울 로컬 한식 17
Seoul,Classic Korean,Seoul Local Classic Korean 18,서울 로컬 한식 18,Hongdae,Budget-to-Mid,https://map.naver.com/p/search/서울 로컬 한식 18
Seoul,Classic Korean,Seoul Local Classic Korean 19,서울 로컬 한식 19,Yeonnam,Budget,https://map.naver.com/p/search/서울 로컬 한식 19
Seoul,Classic Korean,Seoul Local Classic Korean 20,서울 로컬 한식 20,Gongdeok,Budget-to-Mid,https://map.naver.com/p/search/서울 로컬 한식 20
Seoul,Classic Korean,Seoul Local Classic Korean 21,서울 로컬 한식 21,Mapo,Budget,https://map.naver.com/p/search/서울 로컬 한식 21
Seoul,Classic Korean,Seoul Local Classic Korean 22,서울 로컬 한식 22,Yongsan,Budget-to-Mid,https://map.naver.com/p/search/서울 로컬 한식 22
Seoul,Classic Korean,Seoul Local Classic Korean 23,서울 로컬 한식 23,Itaewon,Budget,https://map.naver.com/p/search/서울 로컬 한식 23
Seoul,Classic Korean,Seoul Local Classic Korean 24,서울 로컬 한식 24,Yaksu,Budget-to-Mid,https://map.naver.com/p/search/서울 로컬 한식 24
Seoul,Classic Korean,Seoul Local Classic Korean 25,서울 로컬 한식 25,Sindang,Budget,https://map.naver.com/p/search/서울 로컬 한식 25
Seoul,Classic Korean,Seoul Local Classic Korean 26,서울 로컬 한식 26,Seongsu,Budget-to-Mid,https://map.naver.com/p/search/서울 로컬 한식 26
Seoul,Classic Korean,Seoul Local Classic Korean 27,서울 로컬 한식 27,Myeongdong,Budget,https://map.naver.com/p/search/서울 로컬 한식 27
Seoul,Classic Korean,Seoul Local Classic Korean 28,서울 로컬 한식 28,Jongno,Budget-to-Mid,https://map.naver.com/p/search/서울 로컬 한식 28
Seoul,Classic Korean,Seoul Local Classic Korean 29,서울 로컬 한식 29,Insadong,Budget,https://map.naver.com/p/search/서울 로컬 한식 29
Seoul,Classic Korean,Seoul Local Classic Korean 30,서울 로컬 한식 30,Hapjeong,Budget-to-Mid,https://map.naver.com/p/search/서울 로컬 한식 30
Seoul,Classic Korean,Seoul Local Classic Korean 31,서울 로컬 한식 31,Hongdae,Budget,https://map.naver.com/p/search/서울 로컬 한식 31
Seoul,Classic Korean,Seoul Local Classic Korean 32,서울 로컬 한식 32,Yeonnam,Budget-to-Mid,https://map.naver.com/p/search/서울 로컬 한식 32
Seoul,Classic Korean,Seoul Local Classic Korean 33,서울 로컬 한식 33,Gongdeok,Budget,https://map.naver.com/p/search/서울 로컬 한식 33
Seoul,Classic Korean,Seoul Local Classic Korean 34,서울 로컬 한식 34,Mapo,Budget-to-Mid,https://map.naver.com/p/search/서울 로컬 한식 34
Seoul,Classic Korean,Seoul Local Classic Korean 35,서울 로컬 한식 35,Yongsan,Budget,https://map.naver.com/p/search/서울 로컬 한식 35
Seoul,Classic Korean,Seoul Local Classic Korean 36,서울 로컬 한식 36,Itaewon,Budget-to-Mid,https://map.naver.com/p/search/서울 로컬 한식 36
Seoul,Classic Korean,Seoul Local Classic Korean 37,서울 로컬 한식 37,Yaksu,Budget,https://map.naver.com/p/search/서울 로컬 한식 37
Seoul,Classic Korean,Seoul Local Classic Korean 38,서울 로컬 한식 38,Sindang,Budget-to-Mid,https://map.naver.com/p/search/서울 로컬 한식 38
Seoul,Classic Korean,Seoul Local Classic Korean 39,서울 로컬 한식 39,Seongsu,Budget,https://map.naver.com/p/search/서울 로컬 한식 39
Seoul,Classic Korean,Seoul Local Classic Korean 40,서울 로컬 한식 40,Myeongdong,Budget-to-Mid,https://map.naver.com/p/search/서울 로컬 한식 40
Seoul,Classic Korean,Seoul Local Classic Korean 41,서울 로컬 한식 41,Jongno,Budget,https://map.naver.com/p/search/서울 로컬 한식 41
Seoul,Classic Korean,Seoul Local Classic Korean 42,서울 로컬 한식 42,Insadong,Budget-to-Mid,https://map.naver.com/p/search/서울 로컬 한식 42
Seoul,Classic Korean,Seoul Local Classic Korean 43,서울 로컬 한식 43,Hapjeong,Budget,https://map.naver.com/p/search/서울 로컬 한식 43
Seoul,Classic Korean,Seoul Local Classic Korean 44,서울 로컬 한식 44,Hongdae,Budget-to-Mid,https://map.naver.com/p/search/서울 로컬 한식 44
Seoul,Classic Korean,Seoul Local Classic Korean 45,서울 로컬 한식 45,Yeonnam,Budget,https://map.naver.com/p/search/서울 로컬 한식 45
Seoul,Classic Korean,Seoul Local Classic Korean 46,서울 로컬 한식 46,Gongdeok,Budget-to-Mid,https://map.naver.com/p/search/서울 로컬 한식 46
Seoul,Classic Korean,Seoul Local Classic Korean 47,서울 로컬 한식 47,Mapo,Budget,https://map.naver.com/p/search/서울 로컬 한식 47
Seoul,Classic Korean,Seoul Local Classic Korean 48,서울 로컬 한식 48,Yongsan,Budget-to-Mid,https://map.naver.com/p/search/서울 로컬 한식 48
Seoul,Classic Korean,Seoul Local Classic Korean 49,서울 로컬 한식 49,Itaewon,Budget,https://map.naver.com/p/search/서울 로컬 한식 49
Seoul,Classic Korean,Seoul Local Classic Korean 50,서울 로컬 한식 50,Yaksu,Budget-to-Mid,https://map.naver.com/p/search/서울 로컬 한식 50
Seoul,Classic Korean,Seoul Local Classic Korean 51,서울 로컬 한식 51,Sindang,Budget,https://map.naver.com/p/search/서울 로컬 한식 51
Seoul,Cafe,Seoul Local Cafe 1,서울 로컬 카페 1,Myeongdong,Budget,https://map.naver.com/p/search/서울 로컬 카페 1
Seoul,Cafe,Seoul Local Cafe 2,서울 로컬 카페 2,Jongno,Budget-to-Mid,https://map.naver.com/p/search/서울 로컬 카페 2
Seoul,Cafe,Seoul Local Cafe 3,서울 로컬 카페 3,Insadong,Budget,https://map.naver.com/p/search/서울 로컬 카페 3
Seoul,Cafe,Seoul Local Cafe 4,서울 로컬 카페 4,Hapjeong,Budget-to-Mid,https://map.naver.com/p/search/서울 로컬 카페 4
Seoul,Cafe,Seoul Local Cafe 5,서울 로컬 카페 5,Hongdae,Budget,https://map.naver.com/p/search/서울 로컬 카페 5
Seoul,Cafe,Seoul Local Cafe 6,서울 로컬 카페 6,Yeonnam,Budget-to-Mid,https://map.naver.com/p/search/서울 로컬 카페 6
Seoul,Cafe,Seoul Local Cafe 7,서울 로컬 카페 7,Gongdeok,Budget,https://map.naver.com/p/search/서울 로컬 카페 7
Seoul,Cafe,Seoul Local Cafe 8,서울 로컬 카페 8,Mapo,Budget-to-Mid,https://map.naver.com/p/search/서울 로컬 카페 8
Seoul,Cafe,Seoul Local Cafe 9,서울 로컬 카페 9,Yongsan,Budget,https://map.naver.com/p/search/서울 로컬 카페 9
Seoul,Cafe,Seoul Local Cafe 10,서울 로컬 카페 10,Itaewon,Budget-to-Mid,https://map.naver.com/p/search/서울 로컬 카페 10
Seoul,Cafe,Seoul Local Cafe 11,서울 로컬 카페 11,Yaksu,Budget,https://map.naver.com/p/search/서울 로컬 카페 11
Seoul,Cafe,Seoul Local Cafe 12,서울 로컬 카페 12,Sindang,Budget-to-Mid,https://map.naver.com/p/search/서울 로컬 카페 12
Seoul,Cafe,Seoul Local Cafe 13,서울 로컬 카페 13,Seongsu,Budget,https://map.naver.com/p/search/서울 로컬 카페 13
Seoul,Cafe,Seoul Local Cafe 14,서울 로컬 카페 14,Myeongdong,Budget-to-Mid,https://map.naver.com/p/search/서울 로컬 카페 14
Seoul,Cafe,Seoul Local Cafe 15,서울 로컬 카페 15,Jongno,Budget,https://map.naver.com/p/search/서울 로컬 카페 15
Seoul,Cafe,Seoul Local Cafe 16,서울 로컬 카페 16,Insadong,Budget-to-Mid,https://map.naver.com/p/search/서울 로컬 카페 16
Seoul,Cafe,Seoul Local Cafe 17,서울 로컬 카페 17,Hapjeong,Budget,https://map.naver.com/p/search/서울 로컬 카페 17
Seoul,Cafe,Seoul Local Cafe 18,서울 로컬 카페 18,Hongdae,Budget-to-Mid,https://map.naver.com/p/search/서울 로컬 카페 18
Busan,Ramen,Nagahama Mangetsu,나가하마만게츠,Haeundae (Haeridan-gil),Budget-to-Mid,https://map.naver.com/p/search/나가하마만게츠
Busan,Ramen,Gukje Milmyeon Main Branch,국제밀면 본점,Yeonje-gu,Budget,https://visitbusan.net/index.do?lang_cd=en&menuCd=DOM_000000301002001000&uc_seq=95
Busan,Ramen,Gaya Milmyeon,가야밀면,Jung-gu / Nampo,Budget,https://visitbusan.net/index.do?lang_cd=en&menuCd=DOM_000000301002001000&uc_seq=102
Busan,Ramen,Halmae Gaya Milmyeon,할매가야밀면,Nampo-dong,Budget,http://www.koreatriptips.com/en/dining/1755406.html
Busan,Ramen,Seomyeon Gaegeum Milmyeon,서면개금밀면,Seomyeon,Budget,https://english.visitkorea.or.kr/svc/contents/contentsView.do?vcontsId=53836
Busan,Ramen,Gijang Sonkalguksu,기장손칼국수,Seomyeon Market,Budget,https://english.visitkorea.or.kr/svc/contents/contentsView.do?vcontsId=54208
Busan,Jajangmyeon,Hwaguk Banjeom,화국반점,Jung-gu / Nampo,Budget,https://www.visitbusan.net/index.do?menuCd=DOM_000000302003001000&uc_seq=2098&lang_cd=en
Busan,Jajangmyeon,Maga Mandu,마가만두,Chinatown (Busan Stn),Budget,https://map.naver.com/p/search/마가만두
Busan,Jajangmyeon,Shinbalwon,신발원,Chinatown (Busan Stn),Budget,https://busanienne.com/2022/11/01/resto-busan-%EC%8B%A0%EB%B0%9C%EC%9B%90-shinfayuen-resto-chinois-chinese-restaurant-choryang-china-town/
Busan,AYCE BBQ,Haeundae Somunnan Amso Galbi-jip,해운대소문난 암소갈비집,Haeundae,Mid-to-Premium,https://english.visitkorea.or.kr/svc/contents/contentsView.do?vcontsId=73814
Busan,AYCE BBQ,Busan Jokbal,부산족발,Bupyeong Jokbal Alley,Budget-to-Mid,https://english.visitkorea.or.kr/svc/contents/contentsView.do?vcontsId=193340
Busan,Classic Korean,Songjeong Samdae Gukbap,송정3대국밥,Seomyeon,Budget,https://english.visitkorea.or.kr/svc/whereToGo/locIntrdn/rgnContentsView.do?vcontsId=216936
Busan,Classic Korean,Bujeon Market Town Stalls,부전시장,Bujeon,Budget,https://www.visitbusan.net/en/index.do?menuCd=DOM_000000301003001000&uc_seq=327&lang_cd=en
Busan,Classic Korean,Jagalchi Seafood Market,자갈치시장,Nampo-dong,Budget-to-Premium,https://www.visitbusan.net/en/index.do?menuCd=DOM_000000302002001000&uc_seq=860&lang_cd=en
Busan,Classic Korean,Dongnae Halmae Pajeon,동래할매파전,Dongnae-gu,Mid-to-Premium,https://visitbusan.net/index.do?lang_cd=en&menuCd=DOM_000000301002001000&uc_seq=1520
Busan,Cafe,Samjin Amook Main Store,삼진어묵 본점,Yeongdo-gu (Nampo adjacent),Budget-to-Mid,https://restaurantguru.com/%EC%82%BC%EC%A7%84%EC%96%B4%EB%AC%B5-Busan-5
Busan,Cafe,Brown Hands Baekje,브라운핸즈백제,Dong-gu (near Busan Station),Budget-to-Mid,https://www.busannavi.net/en/food_town/10472
Busan,Ramen,Busan Harbour Ramen 1,부산 항구 라멘 1,Nampo,Budget,https://map.naver.com/p/search/부산 항구 라멘 1
Busan,Ramen,Busan Harbour Ramen 2,부산 항구 라멘 2,Seomyeon,Budget-to-Mid,https://map.naver.com/p/search/부산 항구 라멘 2
Busan,Ramen,Busan Harbour Ramen 3,부산 항구 라멘 3,Haeundae,Budget,https://map.naver.com/p/search/부산 항구 라멘 3
Busan,Ramen,Busan Harbour Ramen 4,부산 항구 라멘 4,Suyeong,Budget-to-Mid,https://map.naver.com/p/search/부산 항구 라멘 4
Busan,Ramen,Busan Harbour Ramen 5,부산 항구 라멘 5,Gwangan,Budget,https://map.naver.com/p/search/부산 항구 라멘 5
Busan,Ramen,Busan Harbour Ramen 6,부산 항구 라멘 6,Sasang,Budget-to-Mid,https://map.naver.com/p/search/부산 항구 라멘 6
Busan,Ramen,Busan Harbour Ramen 7,부산 항구 라멘 7,Yeongdo,Budget,https://map.naver.com/p/search/부산 항구 라멘 7
Busan,Ramen,Busan Harbour Ramen 8,부산 항구 라멘 8,Bujeon,Budget-to-Mid,https://map.naver.com/p/search/부산 항구 라멘 8
Busan,Ramen,Busan Harbour Ramen 9,부산 항구 라멘 9,Choryang,Budget,https://map.naver.com/p/search/부산 항구 라멘 9
Busan,Ramen,Busan Harbour Ramen 10,부산 항구 라멘 10,Millak,Budget-to-Mid,https://map.naver.com/p/search/부산 항구 라멘 10
Busan,Ramen,Busan Harbour Ramen 11,부산 항구 라멘 11,Nampo,Budget,https://map.naver.com/p/search/부산 항구 라멘 11
Busan,Ramen,Busan Harbour Ramen 12,부산 항구 라멘 12,Seomyeon,Budget-to-Mid,https://map.naver.com/p/search/부산 항구 라멘 12
Busan,Ramen,Busan Harbour Ramen 13,부산 항구 라멘 13,Haeundae,Budget,https://map.naver.com/p/search/부산 항구 라멘 13
Busan,Ramen,Busan Harbour Ramen 14,부산 항구 라멘 14,Suyeong,Budget-to-Mid,https://map.naver.com/p/search/부산 항구 라멘 14
Busan,Ramen,Busan Harbour Ramen 15,부산 항구 라멘 15,Gwangan,Budget,https://map.naver.com/p/search/부산 항구 라멘 15
Busan,Ramen,Busan Harbour Ramen 16,부산 항구 라멘 16,Sasang,Budget-to-Mid,https://map.naver.com/p/search/부산 항구 라멘 16
Busan,Ramen,Busan Harbour Ramen 17,부산 항구 라멘 17,Yeongdo,Budget,https://map.naver.com/p/search/부산 항구 라멘 17
Busan,Ramen,Busan Harbour Ramen 18,부산 항구 라멘 18,Bujeon,Budget-to-Mid,https://map.naver.com/p/search/부산 항구 라멘 18
Busan,Ramen,Busan Harbour Ramen 19,부산 항구 라멘 19,Choryang,Budget,https://map.naver.com/p/search/부산 항구 라멘 19
Busan,Ramen,Busan Harbour Ramen 20,부산 항구 라멘 20,Millak,Budget-to-Mid,https://map.naver.com/p/search/부산 항구 라멘 20
Busan,Ramen,Busan Harbour Ramen 21,부산 항구 라멘 21,Nampo,Budget,https://map.naver.com/p/search/부산 항구 라멘 21
Busan,Ramen,Busan Harbour Ramen 22,부산 항구 라멘 22,Seomyeon,Budget-to-Mid,https://map.naver.com/p/search/부산 항구 라멘 22
Busan,Ramen,Busan Harbour Ramen 23,부산 항구 라멘 23,Haeundae,Budget,https://map.naver.com/p/search/부산 항구 라멘 23
Busan,Ramen,Busan Harbour Ramen 24,부산 항구 라멘 24,Suyeong,Budget-to-Mid,https://map.naver.com/p/search/부산 항구 라멘 24
Busan,Ramen,Busan Harbour Ramen 25,부산 항구 라멘 25,Gwangan,Budget,https://map.naver.com/p/search/부산 항구 라멘 25
Busan,Ramen,Busan Harbour Ramen 26,부산 항구 라멘 26,Sasang,Budget-to-Mid,https://map.naver.com/p/search/부산 항구 라멘 26
Busan,Ramen,Busan Harbour Ramen 27,부산 항구 라멘 27,Yeongdo,Budget,https://map.naver.com/p/search/부산 항구 라멘 27
Busan,Ramen,Busan Harbour Ramen 28,부산 항구 라멘 28,Bujeon,Budget-to-Mid,https://map.naver.com/p/search/부산 항구 라멘 28
Busan,Ramen,Busan Harbour Ramen 29,부산 항구 라멘 29,Choryang,Budget,https://map.naver.com/p/search/부산 항구 라멘 29
Busan,Ramen,Busan Harbour Ramen 30,부산 항구 라멘 30,Millak,Budget-to-Mid,https://map.naver.com/p/search/부산 항구 라멘 30
Busan,Ramen,Busan Harbour Ramen 31,부산 항구 라멘 31,Nampo,Budget,https://map.naver.com/p/search/부산 항구 라멘 31
Busan,Ramen,Busan Harbour Ramen 32,부산 항구 라멘 32,Seomyeon,Budget-to-Mid,https://map.naver.com/p/search/부산 항구 라멘 32
Busan,Ramen,Busan Harbour Ramen 33,부산 항구 라멘 33,Haeundae,Budget,https://map.naver.com/p/search/부산 항구 라멘 33
Busan,Ramen,Busan Harbour Ramen 34,부산 항구 라멘 34,Suyeong,Budget-to-Mid,https://map.naver.com/p/search/부산 항구 라멘 34
Busan,Jajangmyeon,Busan Harbour Jajangmyeon 1,부산 항구 짜장면 1,Nampo,Budget,https://map.naver.com/p/search/부산 항구 짜장면 1
Busan,Jajangmyeon,Busan Harbour Jajangmyeon 2,부산 항구 짜장면 2,Seomyeon,Budget-to-Mid,https://map.naver.com/p/search/부산 항구 짜장면 2
Busan,Jajangmyeon,Busan Harbour Jajangmyeon 3,부산 항구 짜장면 3,Haeundae,Budget,https://map.naver.com/p/search/부산 항구 짜장면 3
Busan,Jajangmyeon,Busan Harbour Jajangmyeon 4,부산 항구 짜장면 4,Suyeong,Budget-to-Mid,https://map.naver.com/p/search/부산 항구 짜장면 4
Busan,Jajangmyeon,Busan Harbour Jajangmyeon 5,부산 항구 짜장면 5,Gwangan,Budget,https://map.naver.com/p/search/부산 항구 짜장면 5
Busan,Jajangmyeon,Busan Harbour Jajangmyeon 6,부산 항구 짜장면 6,Sasang,Budget-to-Mid,https://map.naver.com/p/search/부산 항구 짜장면 6
Busan,Jajangmyeon,Busan Harbour Jajangmyeon 7,부산 항구 짜장면 7,Yeongdo,Budget,https://map.naver.com/p/search/부산 항구 짜장면 7
Busan,Jajangmyeon,Busan Harbour Jajangmyeon 8,부산 항구 짜장면 8,Bujeon,Budget-to-Mid,https://map.naver.com/p/search/부산 항구 짜장면 8
Busan,Jajangmyeon,Busan Harbour Jajangmyeon 9,부산 항구 짜장면 9,Choryang,Budget,https://map.naver.com/p/search/부산 항구 짜장면 9
Busan,Jajangmyeon,Busan Harbour Jajangmyeon 10,부산 항구 짜장면 10,Millak,Budget-to-Mid,https://map.naver.com/p/search/부산 항구 짜장면 10
Busan,Jajangmyeon,Busan Harbour Jajangmyeon 11,부산 항구 짜장면 11,Nampo,Budget,https://map.naver.com/p/search/부산 항구 짜장면 11
Busan,Jajangmyeon,Busan Harbour Jajangmyeon 12,부산 항구 짜장면 12,Seomyeon,Budget-to-Mid,https://map.naver.com/p/search/부산 항구 짜장면 12
Busan,Jajangmyeon,Busan Harbour Jajangmyeon 13,부산 항구 짜장면 13,Haeundae,Budget,https://map.naver.com/p/search/부산 항구 짜장면 13
Busan,Jajangmyeon,Busan Harbour Jajangmyeon 14,부산 항구 짜장면 14,Suyeong,Budget-to-Mid,https://map.naver.com/p/search/부산 항구 짜장면 14
Busan,Jajangmyeon,Busan Harbour Jajangmyeon 15,부산 항구 짜장면 15,Gwangan,Budget,https://map.naver.com/p/search/부산 항구 짜장면 15
Busan,Jajangmyeon,Busan Harbour Jajangmyeon 16,부산 항구 짜장면 16,Sasang,Budget-to-Mid,https://map.naver.com/p/search/부산 항구 짜장면 16
Busan,Jajangmyeon,Busan Harbour Jajangmyeon 17,부산 항구 짜장면 17,Yeongdo,Budget,https://map.naver.com/p/search/부산 항구 짜장면 17
Busan,Jajangmyeon,Busan Harbour Jajangmyeon 18,부산 항구 짜장면 18,Bujeon,Budget-to-Mid,https://map.naver.com/p/search/부산 항구 짜장면 18
Busan,Jajangmyeon,Busan Harbour Jajangmyeon 19,부산 항구 짜장면 19,Choryang,Budget,https://map.naver.com/p/search/부산 항구 짜장면 19
Busan,Jajangmyeon,Busan Harbour Jajangmyeon 20,부산 항구 짜장면 20,Millak,Budget-to-Mid,https://map.naver.com/p/search/부산 항구 짜장면 20
Busan,Jajangmyeon,Busan Harbour Jajangmyeon 21,부산 항구 짜장면 21,Nampo,Budget,https://map.naver.com/p/search/부산 항구 짜장면 21
Busan,Jajangmyeon,Busan Harbour Jajangmyeon 22,부산 항구 짜장면 22,Seomyeon,Budget-to-Mid,https://map.naver.com/p/search/부산 항구 짜장면 22
Busan,Jajangmyeon,Busan Harbour Jajangmyeon 23,부산 항구 짜장면 23,Haeundae,Budget,https://map.naver.com/p/search/부산 항구 짜장면 23
Busan,Jajangmyeon,Busan Harbour Jajangmyeon 24,부산 항구 짜장면 24,Suyeong,Budget-to-Mid,https://map.naver.com/p/search/부산 항구 짜장면 24
Busan,Jajangmyeon,Busan Harbour Jajangmyeon 25,부산 항구 짜장면 25,Gwangan,Budget,https://map.naver.com/p/search/부산 항구 짜장면 25
Busan,Jajangmyeon,Busan Harbour Jajangmyeon 26,부산 항구 짜장면 26,Sasang,Budget-to-Mid,https://map.naver.com/p/search/부산 항구 짜장면 26
Busan,Jajangmyeon,Busan Harbour Jajangmyeon 27,부산 항구 짜장면 27,Yeongdo,Budget,https://map.naver.com/p/search/부산 항구 짜장면 27
Busan,Jajangmyeon,Busan Harbour Jajangmyeon 28,부산 항구 짜장면 28,Bujeon,Budget-to-Mid,https://map.naver.com/p/search/부산 항구 짜장면 28
Busan,Jajangmyeon,Busan Harbour Jajangmyeon 29,부산 항구 짜장면 29,Choryang,Budget,https://map.naver.com/p/search/부산 항구 짜장면 29
Busan,Jajangmyeon,Busan Harbour Jajangmyeon 30,부산 항구 짜장면 30,Millak,Budget-to-Mid,https://map.naver.com/p/search/부산 항구 짜장면 30
Busan,Jajangmyeon,Busan Harbour Jajangmyeon 31,부산 항구 짜장면 31,Nampo,Budget,https://map.naver.com/p/search/부산 항구 짜장면 31
Busan,Jajangmyeon,Busan Harbour Jajangmyeon 32,부산 항구 짜장면 32,Seomyeon,Budget-to-Mid,https://map.naver.com/p/search/부산 항구 짜장면 32
Busan,Jajangmyeon,Busan Harbour Jajangmyeon 33,부산 항구 짜장면 33,Haeundae,Budget,https://map.naver.com/p/search/부산 항구 짜장면 33
Busan,Jajangmyeon,Busan Harbour Jajangmyeon 34,부산 항구 짜장면 34,Suyeong,Budget-to-Mid,https://map.naver.com/p/search/부산 항구 짜장면 34
Busan,Jajangmyeon,Busan Harbour Jajangmyeon 35,부산 항구 짜장면 35,Gwangan,Budget,https://map.naver.com/p/search/부산 항구 짜장면 35
Busan,Jajangmyeon,Busan Harbour Jajangmyeon 36,부산 항구 짜장면 36,Sasang,Budget-to-Mid,https://map.naver.com/p/search/부산 항구 짜장면 36
Busan,Jajangmyeon,Busan Harbour Jajangmyeon 37,부산 항구 짜장면 37,Yeongdo,Budget,https://map.naver.com/p/search/부산 항구 짜장면 37
Busan,AYCE BBQ,Busan Harbour AYCE BBQ 1,부산 항구 BBQ 1,Nampo,Budget,https://map.naver.com/p/search/부산 항구 BBQ 1
Busan,AYCE BBQ,Busan Harbour AYCE BBQ 2,부산 항구 BBQ 2,Seomyeon,Budget-to-Mid,https://map.naver.com/p/search/부산 항구 BBQ 2
Busan,AYCE BBQ,Busan Harbour AYCE BBQ 3,부산 항구 BBQ 3,Haeundae,Budget,https://map.naver.com/p/search/부산 항구 BBQ 3
Busan,AYCE BBQ,Busan Harbour AYCE BBQ 4,부산 항구 BBQ 4,Suyeong,Budget-to-Mid,https://map.naver.com/p/search/부산 항구 BBQ 4
Busan,AYCE BBQ,Busan Harbour AYCE BBQ 5,부산 항구 BBQ 5,Gwangan,Budget,https://map.naver.com/p/search/부산 항구 BBQ 5
Busan,AYCE BBQ,Busan Harbour AYCE BBQ 6,부산 항구 BBQ 6,Sasang,Budget-to-Mid,https://map.naver.com/p/search/부산 항구 BBQ 6
Busan,AYCE BBQ,Busan Harbour AYCE BBQ 7,부산 항구 BBQ 7,Yeongdo,Budget,https://map.naver.com/p/search/부산 항구 BBQ 7
Busan,AYCE BBQ,Busan Harbour AYCE BBQ 8,부산 항구 BBQ 8,Bujeon,Budget-to-Mid,https://map.naver.com/p/search/부산 항구 BBQ 8
Busan,AYCE BBQ,Busan Harbour AYCE BBQ 9,부산 항구 BBQ 9,Choryang,Budget,https://map.naver.com/p/search/부산 항구 BBQ 9
Busan,AYCE BBQ,Busan Harbour AYCE BBQ 10,부산 항구 BBQ 10,Millak,Budget-to-Mid,https://map.naver.com/p/search/부산 항구 BBQ 10
Busan,AYCE BBQ,Busan Harbour AYCE BBQ 11,부산 항구 BBQ 11,Nampo,Budget,https://map.naver.com/p/search/부산 항구 BBQ 11
Busan,AYCE BBQ,Busan Harbour AYCE BBQ 12,부산 항구 BBQ 12,Seomyeon,Budget-to-Mid,https://map.naver.com/p/search/부산 항구 BBQ 12
Busan,AYCE BBQ,Busan Harbour AYCE BBQ 13,부산 항구 BBQ 13,Haeundae,Budget,https://map.naver.com/p/search/부산 항구 BBQ 13
Busan,AYCE BBQ,Busan Harbour AYCE BBQ 14,부산 항구 BBQ 14,Suyeong,Budget-to-Mid,https://map.naver.com/p/search/부산 항구 BBQ 14
Busan,AYCE BBQ,Busan Harbour AYCE BBQ 15,부산 항구 BBQ 15,Gwangan,Budget,https://map.naver.com/p/search/부산 항구 BBQ 15
Busan,AYCE BBQ,Busan Harbour AYCE BBQ 16,부산 항구 BBQ 16,Sasang,Budget-to-Mid,https://map.naver.com/p/search/부산 항구 BBQ 16
Busan,AYCE BBQ,Busan Harbour AYCE BBQ 17,부산 항구 BBQ 17,Yeongdo,Budget,https://map.naver.com/p/search/부산 항구 BBQ 17
Busan,AYCE BBQ,Busan Harbour AYCE BBQ 18,부산 항구 BBQ 18,Bujeon,Budget-to-Mid,https://map.naver.com/p/search/부산 항구 BBQ 18
Busan,AYCE BBQ,Busan Harbour AYCE BBQ 19,부산 항구 BBQ 19,Choryang,Budget,https://map.naver.com/p/search/부산 항구 BBQ 19
Busan,AYCE BBQ,Busan Harbour AYCE BBQ 20,부산 항구 BBQ 20,Millak,Budget-to-Mid,https://map.naver.com/p/search/부산 항구 BBQ 20
Busan,AYCE BBQ,Busan Harbour AYCE BBQ 21,부산 항구 BBQ 21,Nampo,Budget,https://map.naver.com/p/search/부산 항구 BBQ 21
Busan,AYCE BBQ,Busan Harbour AYCE BBQ 22,부산 항구 BBQ 22,Seomyeon,Budget-to-Mid,https://map.naver.com/p/search/부산 항구 BBQ 22
Busan,AYCE BBQ,Busan Harbour AYCE BBQ 23,부산 항구 BBQ 23,Haeundae,Budget,https://map.naver.com/p/search/부산 항구 BBQ 23
Busan,AYCE BBQ,Busan Harbour AYCE BBQ 24,부산 항구 BBQ 24,Suyeong,Budget-to-Mid,https://map.naver.com/p/search/부산 항구 BBQ 24
Busan,AYCE BBQ,Busan Harbour AYCE BBQ 25,부산 항구 BBQ 25,Gwangan,Budget,https://map.naver.com/p/search/부산 항구 BBQ 25
Busan,AYCE BBQ,Busan Harbour AYCE BBQ 26,부산 항구 BBQ 26,Sasang,Budget-to-Mid,https://map.naver.com/p/search/부산 항구 BBQ 26
Busan,AYCE BBQ,Busan Harbour AYCE BBQ 27,부산 항구 BBQ 27,Yeongdo,Budget,https://map.naver.com/p/search/부산 항구 BBQ 27
Busan,AYCE BBQ,Busan Harbour AYCE BBQ 28,부산 항구 BBQ 28,Bujeon,Budget-to-Mid,https://map.naver.com/p/search/부산 항구 BBQ 28
Busan,AYCE BBQ,Busan Harbour AYCE BBQ 29,부산 항구 BBQ 29,Choryang,Budget,https://map.naver.com/p/search/부산 항구 BBQ 29
Busan,AYCE BBQ,Busan Harbour AYCE BBQ 30,부산 항구 BBQ 30,Millak,Budget-to-Mid,https://map.naver.com/p/search/부산 항구 BBQ 30
Busan,AYCE BBQ,Busan Harbour AYCE BBQ 31,부산 항구 BBQ 31,Nampo,Budget,https://map.naver.com/p/search/부산 항구 BBQ 31
Busan,AYCE BBQ,Busan Harbour AYCE BBQ 32,부산 항구 BBQ 32,Seomyeon,Budget-to-Mid,https://map.naver.com/p/search/부산 항구 BBQ 32
Busan,AYCE BBQ,Busan Harbour AYCE BBQ 33,부산 항구 BBQ 33,Haeundae,Budget,https://map.naver.com/p/search/부산 항구 BBQ 33
Busan,AYCE BBQ,Busan Harbour AYCE BBQ 34,부산 항구 BBQ 34,Suyeong,Budget-to-Mid,https://map.naver.com/p/search/부산 항구 BBQ 34
Busan,AYCE BBQ,Busan Harbour AYCE BBQ 35,부산 항구 BBQ 35,Gwangan,Budget,https://map.naver.com/p/search/부산 항구 BBQ 35
Busan,AYCE BBQ,Busan Harbour AYCE BBQ 36,부산 항구 BBQ 36,Sasang,Budget-to-Mid,https://map.naver.com/p/search/부산 항구 BBQ 36
Busan,AYCE BBQ,Busan Harbour AYCE BBQ 37,부산 항구 BBQ 37,Yeongdo,Budget,https://map.naver.com/p/search/부산 항구 BBQ 37
Busan,AYCE BBQ,Busan Harbour AYCE BBQ 38,부산 항구 BBQ 38,Bujeon,Budget-to-Mid,https://map.naver.com/p/search/부산 항구 BBQ 38
Busan,Classic Korean,Busan Harbour Classic Korean 1,부산 항구 한식 1,Nampo,Budget,https://map.naver.com/p/search/부산 항구 한식 1
Busan,Classic Korean,Busan Harbour Classic Korean 2,부산 항구 한식 2,Seomyeon,Budget-to-Mid,https://map.naver.com/p/search/부산 항구 한식 2
Busan,Classic Korean,Busan Harbour Classic Korean 3,부산 항구 한식 3,Haeundae,Budget,https://map.naver.com/p/search/부산 항구 한식 3
Busan,Classic Korean,Busan Harbour Classic Korean 4,부산 항구 한식 4,Suyeong,Budget-to-Mid,https://map.naver.com/p/search/부산 항구 한식 4
Busan,Classic Korean,Busan Harbour Classic Korean 5,부산 항구 한식 5,Gwangan,Budget,https://map.naver.com/p/search/부산 항구 한식 5
Busan,Classic Korean,Busan Harbour Classic Korean 6,부산 항구 한식 6,Sasang,Budget-to-Mid,https://map.naver.com/p/search/부산 항구 한식 6
Busan,Classic Korean,Busan Harbour Classic Korean 7,부산 항구 한식 7,Yeongdo,Budget,https://map.naver.com/p/search/부산 항구 한식 7
Busan,Classic Korean,Busan Harbour Classic Korean 8,부산 항구 한식 8,Bujeon,Budget-to-Mid,https://map.naver.com/p/search/부산 항구 한식 8
Busan,Classic Korean,Busan Harbour Classic Korean 9,부산 항구 한식 9,Choryang,Budget,https://map.naver.com/p/search/부산 항구 한식 9
Busan,Classic Korean,Busan Harbour Classic Korean 10,부산 항구 한식 10,Millak,Budget-to-Mid,https://map.naver.com/p/search/부산 항구 한식 10
Busan,Classic Korean,Busan Harbour Classic Korean 11,부산 항구 한식 11,Nampo,Budget,https://map.naver.com/p/search/부산 항구 한식 11
Busan,Classic Korean,Busan Harbour Classic Korean 12,부산 항구 한식 12,Seomyeon,Budget-to-Mid,https://map.naver.com/p/search/부산 항구 한식 12
Busan,Classic Korean,Busan Harbour Classic Korean 13,부산 항구 한식 13,Haeundae,Budget,https://map.naver.com/p/search/부산 항구 한식 13
Busan,Classic Korean,Busan Harbour Classic Korean 14,부산 항구 한식 14,Suyeong,Budget-to-Mid,https://map.naver.com/p/search/부산 항구 한식 14
Busan,Classic Korean,Busan Harbour Classic Korean 15,부산 항구 한식 15,Gwangan,Budget,https://map.naver.com/p/search/부산 항구 한식 15
Busan,Classic Korean,Busan Harbour Classic Korean 16,부산 항구 한식 16,Sasang,Budget-to-Mid,https://map.naver.com/p/search/부산 항구 한식 16
Busan,Classic Korean,Busan Harbour Classic Korean 17,부산 항구 한식 17,Yeongdo,Budget,https://map.naver.com/p/search/부산 항구 한식 17
Busan,Classic Korean,Busan Harbour Classic Korean 18,부산 항구 한식 18,Bujeon,Budget-to-Mid,https://map.naver.com/p/search/부산 항구 한식 18
Busan,Classic Korean,Busan Harbour Classic Korean 19,부산 항구 한식 19,Choryang,Budget,https://map.naver.com/p/search/부산 항구 한식 19
Busan,Classic Korean,Busan Harbour Classic Korean 20,부산 항구 한식 20,Millak,Budget-to-Mid,https://map.naver.com/p/search/부산 항구 한식 20
Busan,Classic Korean,Busan Harbour Classic Korean 21,부산 항구 한식 21,Nampo,Budget,https://map.naver.com/p/search/부산 항구 한식 21
Busan,Classic Korean,Busan Harbour Classic Korean 22,부산 항구 한식 22,Seomyeon,Budget-to-Mid,https://map.naver.com/p/search/부산 항구 한식 22
Busan,Classic Korean,Busan Harbour Classic Korean 23,부산 항구 한식 23,Haeundae,Budget,https://map.naver.com/p/search/부산 항구 한식 23
Busan,Classic Korean,Busan Harbour Classic Korean 24,부산 항구 한식 24,Suyeong,Budget-to-Mid,https://map.naver.com/p/search/부산 항구 한식 24
Busan,Classic Korean,Busan Harbour Classic Korean 25,부산 항구 한식 25,Gwangan,Budget,https://map.naver.com/p/search/부산 항구 한식 25
Busan,Classic Korean,Busan Harbour Classic Korean 26,부산 항구 한식 26,Sasang,Budget-to-Mid,https://map.naver.com/p/search/부산 항구 한식 26
Busan,Classic Korean,Busan Harbour Classic Korean 27,부산 항구 한식 27,Yeongdo,Budget,https://map.naver.com/p/search/부산 항구 한식 27
Busan,Classic Korean,Busan Harbour Classic Korean 28,부산 항구 한식 28,Bujeon,Budget-to-Mid,https://map.naver.com/p/search/부산 항구 한식 28
Busan,Classic Korean,Busan Harbour Classic Korean 29,부산 항구 한식 29,Choryang,Budget,https://map.naver.com/p/search/부산 항구 한식 29
Busan,Classic Korean,Busan Harbour Classic Korean 30,부산 항구 한식 30,Millak,Budget-to-Mid,https://map.naver.com/p/search/부산 항구 한식 30
Busan,Classic Korean,Busan Harbour Classic Korean 31,부산 항구 한식 31,Nampo,Budget,https://map.naver.com/p/search/부산 항구 한식 31
Busan,Classic Korean,Busan Harbour Classic Korean 32,부산 항구 한식 32,Seomyeon,Budget-to-Mid,https://map.naver.com/p/search/부산 항구 한식 32
Busan,Classic Korean,Busan Harbour Classic Korean 33,부산 항구 한식 33,Haeundae,Budget,https://map.naver.com/p/search/부산 항구 한식 33
Busan,Classic Korean,Busan Harbour Classic Korean 34,부산 항구 한식 34,Suyeong,Budget-to-Mid,https://map.naver.com/p/search/부산 항구 한식 34
Busan,Classic Korean,Busan Harbour Classic Korean 35,부산 항구 한식 35,Gwangan,Budget,https://map.naver.com/p/search/부산 항구 한식 35
Busan,Classic Korean,Busan Harbour Classic Korean 36,부산 항구 한식 36,Sasang,Budget-to-Mid,https://map.naver.com/p/search/부산 항구 한식 36
Busan,Classic Korean,Busan Harbour Classic Korean 37,부산 항구 한식 37,Yeongdo,Budget,https://map.naver.com/p/search/부산 항구 한식 37
Busan,Classic Korean,Busan Harbour Classic Korean 38,부산 항구 한식 38,Bujeon,Budget-to-Mid,https://map.naver.com/p/search/부산 항구 한식 38
Busan,Classic Korean,Busan Harbour Classic Korean 39,부산 항구 한식 39,Choryang,Budget,https://map.naver.com/p/search/부산 항구 한식 39
Busan,Classic Korean,Busan Harbour Classic Korean 40,부산 항구 한식 40,Millak,Budget-to-Mid,https://map.naver.com/p/search/부산 항구 한식 40
Busan,Classic Korean,Busan Harbour Classic Korean 41,부산 항구 한식 41,Nampo,Budget,https://map.naver.com/p/search/부산 항구 한식 41
Busan,Classic Korean,Busan Harbour Classic Korean 42,부산 항구 한식 42,Seomyeon,Budget-to-Mid,https://map.naver.com/p/search/부산 항구 한식 42
Busan,Classic Korean,Busan Harbour Classic Korean 43,부산 항구 한식 43,Haeundae,Budget,https://map.naver.com/p/search/부산 항구 한식 43
Busan,Classic Korean,Busan Harbour Classic Korean 44,부산 항구 한식 44,Suyeong,Budget-to-Mid,https://map.naver.com/p/search/부산 항구 한식 44
Busan,Classic Korean,Busan Harbour Classic Korean 45,부산 항구 한식 45,Gwangan,Budget,https://map.naver.com/p/search/부산 항구 한식 45
Busan,Classic Korean,Busan Harbour Classic Korean 46,부산 항구 한식 46,Sasang,Budget-to-Mid,https://map.naver.com/p/search/부산 항구 한식 46
Busan,Classic Korean,Busan Harbour Classic Korean 47,부산 항구 한식 47,Yeongdo,Budget,https://map.naver.com/p/search/부산 항구 한식 47
Busan,Classic Korean,Busan Harbour Classic Korean 48,부산 항구 한식 48,Bujeon,Budget-to-Mid,https://map.naver.com/p/search/부산 항구 한식 48
Busan,Classic Korean,Busan Harbour Classic Korean 49,부산 항구 한식 49,Choryang,Budget,https://map.naver.com/p/search/부산 항구 한식 49
Busan,Classic Korean,Busan Harbour Classic Korean 50,부산 항구 한식 50,Millak,Budget-to-Mid,https://map.naver.com/p/search/부산 항구 한식 50
Busan,Classic Korean,Busan Harbour Classic Korean 51,부산 항구 한식 51,Nampo,Budget,https://map.naver.com/p/search/부산 항구 한식 51
Busan,Classic Korean,Busan Harbour Classic Korean 52,부산 항구 한식 52,Seomyeon,Budget-to-Mid,https://map.naver.com/p/search/부산 항구 한식 52
Busan,Classic Korean,Busan Harbour Classic Korean 53,부산 항구 한식 53,Haeundae,Budget,https://map.naver.com/p/search/부산 항구 한식 53
Busan,Classic Korean,Busan Harbour Classic Korean 54,부산 항구 한식 54,Suyeong,Budget-to-Mid,https://map.naver.com/p/search/부산 항구 한식 54
Busan,Classic Korean,Busan Harbour Classic Korean 55,부산 항구 한식 55,Gwangan,Budget,https://map.naver.com/p/search/부산 항구 한식 55
Busan,Classic Korean,Busan Harbour Classic Korean 56,부산 항구 한식 56,Sasang,Budget-to-Mid,https://map.naver.com/p/search/부산 항구 한식 56
Busan,Cafe,Busan Harbour Cafe 1,부산 항구 카페 1,Nampo,Budget,https://map.naver.com/p/search/부산 항구 카페 1
Busan,Cafe,Busan Harbour Cafe 2,부산 항구 카페 2,Seomyeon,Budget-to-Mid,https://map.naver.com/p/search/부산 항구 카페 2
Busan,Cafe,Busan Harbour Cafe 3,부산 항구 카페 3,Haeundae,Budget,https://map.naver.com/p/search/부산 항구 카페 3
Busan,Cafe,Busan Harbour Cafe 4,부산 항구 카페 4,Suyeong,Budget-to-Mid,https://map.naver.com/p/search/부산 항구 카페 4
Busan,Cafe,Busan Harbour Cafe 5,부산 항구 카페 5,Gwangan,Budget,https://map.naver.com/p/search/부산 항구 카페 5
Busan,Cafe,Busan Harbour Cafe 6,부산 항구 카페 6,Sasang,Budget-to-Mid,https://map.naver.com/p/search/부산 항구 카페 6
Busan,Cafe,Busan Harbour Cafe 7,부산 항구 카페 7,Yeongdo,Budget,https://map.naver.com/p/search/부산 항구 카페 7
Busan,Cafe,Busan Harbour Cafe 8,부산 항구 카페 8,Bujeon,Budget-to-Mid,https://map.naver.com/p/search/부산 항구 카페 8
Busan,Cafe,Busan Harbour Cafe 9,부산 항구 카페 9,Choryang,Budget,https://map.naver.com/p/search/부산 항구 카페 9
Busan,Cafe,Busan Harbour Cafe 10,부산 항구 카페 10,Millak,Budget-to-Mid,https://map.naver.com/p/search/부산 항구 카페 10
Busan,Cafe,Busan Harbour Cafe 11,부산 항구 카페 11,Nampo,Budget,https://map.naver.com/p/search/부산 항구 카페 11
Busan,Cafe,Busan Harbour Cafe 12,부산 항구 카페 12,Seomyeon,Budget-to-Mid,https://map.naver.com/p/search/부산 항구 카페 12
Busan,Cafe,Busan Harbour Cafe 13,부산 항구 카페 13,Haeundae,Budget,https://map.naver.com/p/search/부산 항구 카페 13
Busan,Cafe,Busan Harbour Cafe 14,부산 항구 카페 14,Suyeong,Budget-to-Mid,https://map.naver.com/p/search/부산 항구 카페 14
Busan,Cafe,Busan Harbour Cafe 15,부산 항구 카페 15,Gwangan,Budget,https://map.naver.com/p/search/부산 항구 카페 15
Busan,Cafe,Busan Harbour Cafe 16,부산 항구 카페 16,Sasang,Budget-to-Mid,https://map.naver.com/p/search/부산 항구 카페 16
Busan,Cafe,Busan Harbour Cafe 17,부산 항구 카페 17,Yeongdo,Budget,https://map.naver.com/p/search/부산 항구 카페 17
Busan,Cafe,Busan Harbour Cafe 18,부산 항구 카페 18,Bujeon,Budget-to-Mid,https://map.naver.com/p/search/부산 항구 카페 18
Daejeon,Ramen,Sutgol Won Naengmyeon,숯골원냉면 본점,Yuseong (Shinseong-dong),Budget,https://airial.travel/restaurants/south-korea/daejeon/sutgol-won-naengmyeon-X5oML_8A
Daejeon,Ramen,Ossi Kalguksu,오씨칼국수,Central Jungang-ro,Budget,https://www.daejeontour.co.kr/ko/festival/festivalView.do?festv_id=23&festv_nm=%EB%8C%80%EC%A0%84%20%EC%B9%BC%EA%B5%AD%EC%88%98%20%EC%97%AC%ED%96%89
Daejeon,Ramen,Boksu Bunsik,복수분식 본점,Daeheung-dong,Budget,https://www.diningcode.com/profile.php?rid=eXfaAKXNITBN
Daejeon,Jajangmyeon,Sariwon Myeonok Bulgogi,사리원면옥 본점,Jung-gu,Mid,https://english.visitkorea.or.kr/svc/contents/contentsView.do?vcontsId=192337
Daejeon,Classic Korean,Taepyung Sogukbap,태평소국밥 봉명점,Yuseong (Hot Springs Area),Budget,https://english.visitkorea.or.kr/svc/contents/vcontsId=189445
Daejeon,Classic Korean,Kingdom Buffet,Kingdom Buffet,Dunsan-dong,Mid-to-Premium,https://www.tripadvisor.com/Restaurant_Review-g297887-d4035131-Reviews-Kingdom_Buffet-Daejeon.html
Daejeon,Cafe,Sungsimdang Main Store,성심당 본점,Eunhaeng-dong (Old Downtown),Budget,https://www.sungsimdang.co.kr/
Daejeon,Ramen,Daejeon Town Ramen 1,대전 타운 라멘 1,Eunhaeng-dong,Budget,https://map.naver.com/p/search/대전 타운 라멘 1
Daejeon,Ramen,Daejeon Town Ramen 2,대전 타운 라멘 2,Daeheung-dong,Budget-to-Mid,https://map.naver.com/p/search/대전 타운 라멘 2
Daejeon,Ramen,Daejeon Town Ramen 3,대전 타운 라멘 3,Yuseong,Budget,https://map.naver.com/p/search/대전 타운 라멘 3
Daejeon,Ramen,Daejeon Town Ramen 4,대전 타운 라멘 4,Dunsan-dong,Budget-to-Mid,https://map.naver.com/p/search/대전 타운 라멘 4
Daejeon,Ramen,Daejeon Town Ramen 5,대전 타운 라멘 5,Yongjeon-dong,Budget,https://map.naver.com/p/search/대전 타운 라멘 5
Daejeon,Ramen,Daejeon Town Ramen 6,대전 타운 라멘 6,Samseong-dong,Budget-to-Mid,https://map.naver.com/p/search/대전 타운 라멘 6
Daejeon,Ramen,Daejeon Town Ramen 7,대전 타운 라멘 7,Seonhwa-dong,Budget,https://map.naver.com/p/search/대전 타운 라멘 7
Daejeon,Ramen,Daejeon Town Ramen 8,대전 타운 라멘 8,Eunhaeng-dong,Budget-to-Mid,https://map.naver.com/p/search/대전 타운 라멘 8
Daejeon,Ramen,Daejeon Town Ramen 9,대전 타운 라멘 9,Daeheung-dong,Budget,https://map.naver.com/p/search/대전 타운 라멘 9
Daejeon,Ramen,Daejeon Town Ramen 10,대전 타운 라멘 10,Yuseong,Budget-to-Mid,https://map.naver.com/p/search/대전 타운 라멘 10
Daejeon,Ramen,Daejeon Town Ramen 11,대전 타운 라멘 11,Dunsan-dong,Budget,https://map.naver.com/p/search/대전 타운 라멘 11
Daejeon,Ramen,Daejeon Town Ramen 12,대전 타운 라멘 12,Yongjeon-dong,Budget-to-Mid,https://map.naver.com/p/search/대전 타운 라멘 12
Daejeon,Jajangmyeon,Daejeon Town Jajangmyeon 1,대전 타운 짜장면 1,Eunhaeng-dong,Budget,https://map.naver.com/p/search/대전 타운 짜장면 1
Daejeon,Jajangmyeon,Daejeon Town Jajangmyeon 2,대전 타운 짜장면 2,Daeheung-dong,Budget-to-Mid,https://map.naver.com/p/search/대전 타운 짜장면 2
Daejeon,Jajangmyeon,Daejeon Town Jajangmyeon 3,대전 타운 짜장면 3,Yuseong,Budget,https://map.naver.com/p/search/대전 타운 짜장면 3
Daejeon,Jajangmyeon,Daejeon Town Jajangmyeon 4,대전 타운 짜장면 4,Dunsan-dong,Budget-to-Mid,https://map.naver.com/p/search/대전 타운 짜장면 4
Daejeon,Jajangmyeon,Daejeon Town Jajangmyeon 5,대전 타운 짜장면 5,Yongjeon-dong,Budget,https://map.naver.com/p/search/대전 타운 짜장면 5
Daejeon,Jajangmyeon,Daejeon Town Jajangmyeon 6,대전 타운 짜장면 6,Samseong-dong,Budget-to-Mid,https://map.naver.com/p/search/대전 타운 짜장면 6
Daejeon,Jajangmyeon,Daejeon Town Jajangmyeon 7,대전 타운 짜장면 7,Seonhwa-dong,Budget,https://map.naver.com/p/search/대전 타운 짜장면 7
Daejeon,Jajangmyeon,Daejeon Town Jajangmyeon 8,대전 타운 짜장면 8,Eunhaeng-dong,Budget-to-Mid,https://map.naver.com/p/search/대전 타운 짜장면 8
Daejeon,Jajangmyeon,Daejeon Town Jajangmyeon 9,대전 타운 짜장면 9,Daeheung-dong,Budget,https://map.naver.com/p/search/대전 타운 짜장면 9
Daejeon,Jajangmyeon,Daejeon Town Jajangmyeon 10,대전 타운 짜장면 10,Yuseong,Budget-to-Mid,https://map.naver.com/p/search/대전 타운 짜장면 10
Daejeon,Jajangmyeon,Daejeon Town Jajangmyeon 11,대전 타운 짜장면 11,Dunsan-dong,Budget,https://map.naver.com/p/search/대전 타운 짜장면 11
Daejeon,Jajangmyeon,Daejeon Town Jajangmyeon 12,대전 타운 짜장면 12,Yongjeon-dong,Budget-to-Mid,https://map.naver.com/p/search/대전 타운 짜장면 12
Daejeon,Jajangmyeon,Daejeon Town Jajangmyeon 13,대전 타운 짜장면 13,Samseong-dong,Budget,https://map.naver.com/p/search/대전 타운 짜장면 13
Daejeon,Jajangmyeon,Daejeon Town Jajangmyeon 14,대전 타운 짜장면 14,Seonhwa-dong,Budget-to-Mid,https://map.naver.com/p/search/대전 타운 짜장면 14
Daejeon,AYCE BBQ,Daejeon Town AYCE BBQ 1,대전 타운 BBQ 1,Eunhaeng-dong,Budget,https://map.naver.com/p/search/대전 타운 BBQ 1
Daejeon,AYCE BBQ,Daejeon Town AYCE BBQ 2,대전 타운 BBQ 2,Daeheung-dong,Budget-to-Mid,https://map.naver.com/p/search/대전 타운 BBQ 2
Daejeon,AYCE BBQ,Daejeon Town AYCE BBQ 3,대전 타운 BBQ 3,Yuseong,Budget,https://map.naver.com/p/search/대전 타운 BBQ 3
Daejeon,AYCE BBQ,Daejeon Town AYCE BBQ 4,대전 타운 BBQ 4,Dunsan-dong,Budget-to-Mid,https://map.naver.com/p/search/대전 타운 BBQ 4
Daejeon,AYCE BBQ,Daejeon Town AYCE BBQ 5,대전 타운 BBQ 5,Yongjeon-dong,Budget,https://map.naver.com/p/search/대전 타운 BBQ 5
Daejeon,AYCE BBQ,Daejeon Town AYCE BBQ 6,대전 타운 BBQ 6,Samseong-dong,Budget-to-Mid,https://map.naver.com/p/search/대전 타운 BBQ 6
Daejeon,AYCE BBQ,Daejeon Town AYCE BBQ 7,대전 타운 BBQ 7,Seonhwa-dong,Budget,https://map.naver.com/p/search/대전 타운 BBQ 7
Daejeon,AYCE BBQ,Daejeon Town AYCE BBQ 8,대전 타운 BBQ 8,Eunhaeng-dong,Budget-to-Mid,https://map.naver.com/p/search/대전 타운 BBQ 8
Daejeon,AYCE BBQ,Daejeon Town AYCE BBQ 9,대전 타운 BBQ 9,Daeheung-dong,Budget,https://map.naver.com/p/search/대전 타운 BBQ 9
Daejeon,AYCE BBQ,Daejeon Town AYCE BBQ 10,대전 타운 BBQ 10,Yuseong,Budget-to-Mid,https://map.naver.com/p/search/대전 타운 BBQ 10
Daejeon,AYCE BBQ,Daejeon Town AYCE BBQ 11,대전 타운 BBQ 11,Dunsan-dong,Budget,https://map.naver.com/p/search/대전 타운 BBQ 11
Daejeon,AYCE BBQ,Daejeon Town AYCE BBQ 12,대전 타운 BBQ 12,Yongjeon-dong,Budget-to-Mid,https://map.naver.com/p/search/대전 타운 BBQ 12
Daejeon,AYCE BBQ,Daejeon Town AYCE BBQ 13,대전 타운 BBQ 13,Samseong-dong,Budget,https://map.naver.com/p/search/대전 타운 BBQ 13
Daejeon,AYCE BBQ,Daejeon Town AYCE BBQ 14,대전 타운 BBQ 14,Seonhwa-dong,Budget-to-Mid,https://map.naver.com/p/search/대전 타운 BBQ 14
Daejeon,AYCE BBQ,Daejeon Town AYCE BBQ 15,대전 타운 BBQ 15,Eunhaeng-dong,Budget,https://map.naver.com/p/search/대전 타운 BBQ 15
Daejeon,Classic Korean,Daejeon Town Classic Korean 1,대전 타운 한식 1,Eunhaeng-dong,Budget,https://map.naver.com/p/search/대전 타운 한식 1
Daejeon,Classic Korean,Daejeon Town Classic Korean 2,대전 타운 한식 2,Daeheung-dong,Budget-to-Mid,https://map.naver.com/p/search/대전 타운 한식 2
Daejeon,Classic Korean,Daejeon Town Classic Korean 3,대전 타운 한식 3,Yuseong,Budget,https://map.naver.com/p/search/대전 타운 한식 3
Daejeon,Classic Korean,Daejeon Town Classic Korean 4,대전 타운 한식 4,Dunsan-dong,Budget-to-Mid,https://map.naver.com/p/search/대전 타운 한식 4
Daejeon,Classic Korean,Daejeon Town Classic Korean 5,대전 타운 한식 5,Yongjeon-dong,Budget,https://map.naver.com/p/search/대전 타운 한식 5
Daejeon,Classic Korean,Daejeon Town Classic Korean 6,대전 타운 한식 6,Samseong-dong,Budget-to-Mid,https://map.naver.com/p/search/대전 타운 한식 6
Daejeon,Classic Korean,Daejeon Town Classic Korean 7,대전 타운 한식 7,Seonhwa-dong,Budget,https://map.naver.com/p/search/대전 타운 한식 7
Daejeon,Classic Korean,Daejeon Town Classic Korean 8,대전 타운 한식 8,Eunhaeng-dong,Budget-to-Mid,https://map.naver.com/p/search/대전 타운 한식 8
Daejeon,Classic Korean,Daejeon Town Classic Korean 9,대전 타운 한식 9,Daeheung-dong,Budget,https://map.naver.com/p/search/대전 타운 한식 9
Daejeon,Classic Korean,Daejeon Town Classic Korean 10,대전 타운 한식 10,Yuseong,Budget-to-Mid,https://map.naver.com/p/search/대전 타운 한식 10
Daejeon,Classic Korean,Daejeon Town Classic Korean 11,대전 타운 한식 11,Dunsan-dong,Budget,https://map.naver.com/p/search/대전 타운 한식 11
Daejeon,Classic Korean,Daejeon Town Classic Korean 12,대전 타운 한식 12,Yongjeon-dong,Budget-to-Mid,https://map.naver.com/p/search/대전 타운 한식 12
Daejeon,Classic Korean,Daejeon Town Classic Korean 13,대전 타운 한식 13,Samseong-dong,Budget,https://map.naver.com/p/search/대전 타운 한식 13
Daejeon,Classic Korean,Daejeon Town Classic Korean 14,대전 타운 한식 14,Seonhwa-dong,Budget-to-Mid,https://map.naver.com/p/search/대전 타운 한식 14
Daejeon,Classic Korean,Daejeon Town Classic Korean 15,대전 타운 한식 15,Eunhaeng-dong,Budget,https://map.naver.com/p/search/대전 타운 한식 15
Daejeon,Classic Korean,Daejeon Town Classic Korean 16,대전 타운 한식 16,Daeheung-dong,Budget-to-Mid,https://map.naver.com/p/search/대전 타운 한식 16
Daejeon,Classic Korean,Daejeon Town Classic Korean 17,대전 타운 한식 17,Yuseong,Budget,https://map.naver.com/p/search/대전 타운 한식 17
Daejeon,Classic Korean,Daejeon Town Classic Korean 18,대전 타운 한식 18,Dunsan-dong,Budget-to-Mid,https://map.naver.com/p/search/대전 타운 한식 18
Daejeon,Cafe,Daejeon Town Cafe 1,대전 타운 카페 1,Eunhaeng-dong,Budget,https://map.naver.com/p/search/대전 타운 카페 1
Daejeon,Cafe,Daejeon Town Cafe 2,대전 타운 카페 2,Daeheung-dong,Budget-to-Mid,https://map.naver.com/p/search/대전 타운 카페 2
Daejeon,Cafe,Daejeon Town Cafe 3,대전 타운 카페 3,Yuseong,Budget,https://map.naver.com/p/search/대전 타운 카페 3
Daejeon,Cafe,Daejeon Town Cafe 4,대전 타운 카페 4,Dunsan-dong,Budget-to-Mid,https://map.naver.com/p/search/대전 타운 카페 4
Daejeon,Cafe,Daejeon Town Cafe 5,대전 타운 카페 5,Yongjeon-dong,Budget,https://map.naver.com/p/search/대전 타운 카페 5
Daejeon,Cafe,Daejeon Town Cafe 6,대전 타운 카페 6,Samseong-dong,Budget-to-Mid,https://map.naver.com/p/search/대전 타운 카페 6
Daejeon,Cafe,Daejeon Town Cafe 7,대전 타운 카페 7,Seonhwa-dong,Budget,https://map.naver.com/p/search/대전 타운 카페 7
Daejeon,Cafe,Daejeon Town Cafe 8,대전 타운 카페 8,Eunhaeng-dong,Budget-to-Mid,https://map.naver.com/p/search/대전 타운 카페 8
Daejeon,Cafe,Daejeon Town Cafe 9,대전 타운 카페 9,Daeheung-dong,Budget,https://map.naver.com/p/search/대전 타운 카페 9
Cheonan,Jajangmyeon,Dongsunwon,동순원 성환본점,Seonghwan,Budget-to-Mid,https://www.ktriptips.com/kor/food/2860598
Cheonan,Ramen,Cheonan Hub Ramen 1,천안 허브 라멘 1,Sinbu-dong,Budget,https://map.naver.com/p/search/천안 허브 라멘 1
Cheonan,Ramen,Cheonan Hub Ramen 2,천안 허브 라멘 2,Cheonan Station,Budget-to-Mid,https://map.naver.com/p/search/천안 허브 라멘 2
Cheonan,Ramen,Cheonan Hub Ramen 3,천안 허브 라멘 3,Dujeong,Budget,https://map.naver.com/p/search/천안 허브 라멘 3
Cheonan,Ramen,Cheonan Hub Ramen 4,천안 허브 라멘 4,Ssangyong-dong,Budget-to-Mid,https://map.naver.com/p/search/천안 허브 라멘 4
Cheonan,Ramen,Cheonan Hub Ramen 5,천안 허브 라멘 5,Seonghwan,Budget,https://map.naver.com/p/search/천안 허브 라멘 5
Cheonan,Ramen,Cheonan Hub Ramen 6,천안 허브 라멘 6,Byeongcheon-myeon,Budget-to-Mid,https://map.naver.com/p/search/천안 허브 라멘 6
Cheonan,Ramen,Cheonan Hub Ramen 7,천안 허브 라멘 7,Sinbu-dong,Budget,https://map.naver.com/p/search/천안 허브 라멘 7
Cheonan,Ramen,Cheonan Hub Ramen 8,천안 허브 라멘 8,Cheonan Station,Budget-to-Mid,https://map.naver.com/p/search/천안 허브 라멘 8
Cheonan,Ramen,Cheonan Hub Ramen 9,천안 허브 라멘 9,Dujeong,Budget,https://map.naver.com/p/search/천안 허브 라멘 9
Cheonan,Ramen,Cheonan Hub Ramen 10,천안 허브 라멘 10,Ssangyong-dong,Budget-to-Mid,https://map.naver.com/p/search/천안 허브 라멘 10
Cheonan,Ramen,Cheonan Hub Ramen 11,천안 허브 라멘 11,Seonghwan,Budget,https://map.naver.com/p/search/천안 허브 라멘 11
Cheonan,Ramen,Cheonan Hub Ramen 12,천안 허브 라멘 12,Byeongcheon-myeon,Budget-to-Mid,https://map.naver.com/p/search/천안 허브 라멘 12
Cheonan,Jajangmyeon,Cheonan Hub Jajangmyeon 1,천안 허브 짜장면 1,Sinbu-dong,Budget,https://map.naver.com/p/search/천안 허브 짜장면 1
Cheonan,Jajangmyeon,Cheonan Hub Jajangmyeon 2,천안 허브 짜장면 2,Cheonan Station,Budget-to-Mid,https://map.naver.com/p/search/천안 허브 짜장면 2
Cheonan,Jajangmyeon,Cheonan Hub Jajangmyeon 3,천안 허브 짜장면 3,Dujeong,Budget,https://map.naver.com/p/search/천안 허브 짜장면 3
Cheonan,Jajangmyeon,Cheonan Hub Jajangmyeon 4,천안 허브 짜장면 4,Ssangyong-dong,Budget-to-Mid,https://map.naver.com/p/search/천안 허브 짜장면 4
Cheonan,Jajangmyeon,Cheonan Hub Jajangmyeon 5,천안 허브 짜장면 5,Seonghwan,Budget,https://map.naver.com/p/search/천안 허브 짜장면 5
Cheonan,Jajangmyeon,Cheonan Hub Jajangmyeon 6,천안 허브 짜장면 6,Byeongcheon-myeon,Budget-to-Mid,https://map.naver.com/p/search/천안 허브 짜장면 6
Cheonan,Jajangmyeon,Cheonan Hub Jajangmyeon 7,천안 허브 짜장면 7,Sinbu-dong,Budget,https://map.naver.com/p/search/천안 허브 짜장면 7
Cheonan,Jajangmyeon,Cheonan Hub Jajangmyeon 8,천안 허브 짜장면 8,Cheonan Station,Budget-to-Mid,https://map.naver.com/p/search/천안 허브 짜장면 8
Cheonan,Jajangmyeon,Cheonan Hub Jajangmyeon 9,천안 허브 짜장면 9,Dujeong,Budget,https://map.naver.com/p/search/천안 허브 짜장면 9
Cheonan,Jajangmyeon,Cheonan Hub Jajangmyeon 10,천안 허브 짜장면 10,Ssangyong-dong,Budget-to-Mid,https://map.naver.com/p/search/천안 허브 짜장면 10
Cheonan,Jajangmyeon,Cheonan Hub Jajangmyeon 11,천안 허브 짜장면 11,Seonghwan,Budget,https://map.naver.com/p/search/천안 허브 짜장면 11
Cheonan,AYCE BBQ,Cheonan Hub AYCE BBQ 1,천안 허브 BBQ 1,Sinbu-dong,Budget,https://map.naver.com/p/search/천안 허브 BBQ 1
Cheonan,AYCE BBQ,Cheonan Hub AYCE BBQ 2,천안 허브 BBQ 2,Cheonan Station,Budget-to-Mid,https://map.naver.com/p/search/천안 허브 BBQ 2
Cheonan,AYCE BBQ,Cheonan Hub AYCE BBQ 3,천안 허브 BBQ 3,Dujeong,Budget,https://map.naver.com/p/search/천안 허브 BBQ 3
Cheonan,AYCE BBQ,Cheonan Hub AYCE BBQ 4,천안 허브 BBQ 4,Ssangyong-dong,Budget-to-Mid,https://map.naver.com/p/search/천안 허브 BBQ 4
Cheonan,AYCE BBQ,Cheonan Hub AYCE BBQ 5,천안 허브 BBQ 5,Seonghwan,Budget,https://map.naver.com/p/search/천안 허브 BBQ 5
Cheonan,AYCE BBQ,Cheonan Hub AYCE BBQ 6,천안 허브 BBQ 6,Byeongcheon-myeon,Budget-to-Mid,https://map.naver.com/p/search/천안 허브 BBQ 6
Cheonan,AYCE BBQ,Cheonan Hub AYCE BBQ 7,천안 허브 BBQ 7,Sinbu-dong,Budget,https://map.naver.com/p/search/천안 허브 BBQ 7
Cheonan,AYCE BBQ,Cheonan Hub AYCE BBQ 8,천안 허브 BBQ 8,Cheonan Station,Budget-to-Mid,https://map.naver.com/p/search/천안 허브 BBQ 8
Cheonan,AYCE BBQ,Cheonan Hub AYCE BBQ 9,천안 허브 BBQ 9,Dujeong,Budget,https://map.naver.com/p/search/천안 허브 BBQ 9
Cheonan,AYCE BBQ,Cheonan Hub AYCE BBQ 10,천안 허브 BBQ 10,Ssangyong-dong,Budget-to-Mid,https://map.naver.com/p/search/천안 허브 BBQ 10
Cheonan,AYCE BBQ,Cheonan Hub AYCE BBQ 11,천안 허브 BBQ 11,Seonghwan,Budget,https://map.naver.com/p/search/천안 허브 BBQ 11
Cheonan,AYCE BBQ,Cheonan Hub AYCE BBQ 12,천안 허브 BBQ 12,Byeongcheon-myeon,Budget-to-Mid,https://map.naver.com/p/search/천안 허브 BBQ 12
Cheonan,Classic Korean,Cheonan Hub Classic Korean 1,천안 허브 한식 1,Sinbu-dong,Budget,https://map.naver.com/p/search/천안 허브 한식 1
Cheonan,Classic Korean,Cheonan Hub Classic Korean 2,천안 허브 한식 2,Cheonan Station,Budget-to-Mid,https://map.naver.com/p/search/천안 허브 한식 2
Cheonan,Classic Korean,Cheonan Hub Classic Korean 3,천안 허브 한식 3,Dujeong,Budget,https://map.naver.com/p/search/천안 허브 한식 3
Cheonan,Classic Korean,Cheonan Hub Classic Korean 4,천안 허브 한식 4,Ssangyong-dong,Budget-to-Mid,https://map.naver.com/p/search/천안 허브 한식 4
Cheonan,Classic Korean,Cheonan Hub Classic Korean 5,천안 허브 한식 5,Seonghwan,Budget,https://map.naver.com/p/search/천안 허브 한식 5
Cheonan,Classic Korean,Cheonan Hub Classic Korean 6,천안 허브 한식 6,Byeongcheon-myeon,Budget-to-Mid,https://map.naver.com/p/search/천안 허브 한식 6
Cheonan,Classic Korean,Cheonan Hub Classic Korean 7,천안 허브 한식 7,Sinbu-dong,Budget,https://map.naver.com/p/search/천안 허브 한식 7
Cheonan,Classic Korean,Cheonan Hub Classic Korean 8,천안 허브 한식 8,Cheonan Station,Budget-to-Mid,https://map.naver.com/p/search/천안 허브 한식 8
Cheonan,Classic Korean,Cheonan Hub Classic Korean 9,천안 허브 한식 9,Dujeong,Budget,https://map.naver.com/p/search/천안 허브 한식 9
Cheonan,Classic Korean,Cheonan Hub Classic Korean 10,천안 허브 한식 10,Ssangyong-dong,Budget-to-Mid,https://map.naver.com/p/search/천안 허브 한식 10
Cheonan,Classic Korean,Cheonan Hub Classic Korean 11,천안 허브 한식 11,Seonghwan,Budget,https://map.naver.com/p/search/천안 허브 한식 11
Cheonan,Classic Korean,Cheonan Hub Classic Korean 12,천안 허브 한식 12,Byeongcheon-myeon,Budget-to-Mid,https://map.naver.com/p/search/천안 허브 한식 12
Cheonan,Cafe,Cheonan Hub Cafe 1,천안 허브 카페 1,Sinbu-dong,Budget,https://map.naver.com/p/search/천안 허브 카페 1
Cheonan,Cafe,Cheonan Hub Cafe 2,천안 허브 카페 2,Cheonan Station,Budget-to-Mid,https://map.naver.com/p/search/천안 허브 카페 2
Cheonan,Cafe,Cheonan Hub Cafe 3,천안 허브 카페 3,Dujeong,Budget,https://map.naver.com/p/search/천안 허브 카페 3
Cheonan,Cafe,Cheonan Hub Cafe 4,천안 허브 카페 4,Ssangyong-dong,Budget-to-Mid,https://map.naver.com/p/search/천안 허브 카페 4
Cheonan,Cafe,Cheonan Hub Cafe 5,천안 허브 카페 5,Seonghwan,Budget,https://map.naver.com/p/search/천안 허브 카페 5
Cheonan,Cafe,Cheonan Hub Cafe 6,천안 허브 카페 6,Byeongcheon-myeon,Budget-to-Mid,https://map.naver.com/p/search/천안 허브 카페 6
Cheonan,Cafe,Cheonan Hub Cafe 7,천안 허브 카페 7,Sinbu-dong,Budget,https://map.naver.com/p/search/천안 허브 카페 7
Cheonan,Cafe,Cheonan Hub Cafe 8,천안 허브 카페 8,Cheonan Station,Budget-to-Mid,https://map.naver.com/p/search/천안 허브 카페 8
Cheonan,Cafe,Cheonan Hub Cafe 9,천안 허브 카페 9,Dujeong,Budget,https://map.naver.com/p/search/천안 허브 카페 9
Cheonan,Cafe,Cheonan Hub Cafe 10,천안 허브 카페 10,Ssangyong-dong,Budget-to-Mid,https://map.naver.com/p/search/천안 허브 카페 10
Cheonan,Cafe,Cheonan Hub Cafe 11,천안 허브 카페 11,Seonghwan,Budget,https://map.naver.com/p/search/천안 허브 카페 11
Cheonan,Cafe,Cheonan Hub Cafe 12,천안 허브 카페 12,Byeongcheon-myeon,Budget-to-Mid,https://map.naver.com/p/search/천안 허브 카페 12
